[
{
  "model": "accounts.user",
  "fields": {
    "password": "pbkdf2_sha256$870000$e2jBPLipguVdXV1KablOwz$fe0vvGin4j4AQwDWfOfsJU3TMKVVOCqignd1BPcZcvQ=",
    "is_superuser": true,
    "email": "admin123@gmail.com",
    "username": "satya",
    "first_name": "",
    "last_name": "",
    "role": "admin",
    "is_staff": true,
    "is_active": true,
    "avatar_url": "",
    "bio": "",
    "problems_solved": 1,
    "contests_participated": 0,
    "rating": 0,
    "battles_played": 0,
    "battles_won": 0,
    "date_joined": "2026-02-21T13:39:03.307Z",
    "last_login": "2026-02-21T16:26:46.505Z",
    "updated_at": "2026-02-21T14:54:39.782Z",
    "groups": [],
    "user_permissions": []
  }
},
{
  "model": "accounts.user",
  "fields": {
    "password": "pbkdf2_sha256$870000$euJd3jnLfgX9x7jCxPWLP3$nQY/qoCyL3PS767Za63AQx3YDjlcs5YgVPLslR04UCU=",
    "is_superuser": false,
    "email": "satyaprakash9923@gmail.com",
    "username": "Satya0418",
    "first_name": "satya",
    "last_name": "yadav",
    "role": "organizer",
    "is_staff": false,
    "is_active": true,
    "avatar_url": "",
    "bio": "",
    "problems_solved": 1,
    "contests_participated": 0,
    "rating": 0,
    "battles_played": 0,
    "battles_won": 0,
    "date_joined": "2026-02-21T13:29:44.037Z",
    "last_login": "2026-02-22T04:34:31.013Z",
    "updated_at": "2026-02-21T13:29:45.062Z",
    "groups": [],
    "user_permissions": []
  }
},
{
  "model": "accounts.user",
  "fields": {
    "password": "pbkdf2_sha256$870000$ybfzA4SfhqjKXoB5ofprJN$KD75Ai7tZd7Lfy/Rp/BO8iFwS+tTu27oxNXfTBwyTrA=",
    "is_superuser": false,
    "email": "mandlesh2005@gmail.com",
    "username": "mandy_012",
    "first_name": "Mandlesh",
    "last_name": "Yadav",
    "role": "organizer",
    "is_staff": false,
    "is_active": true,
    "avatar_url": "",
    "bio": "",
    "problems_solved": 2,
    "contests_participated": 0,
    "rating": 0,
    "battles_played": 0,
    "battles_won": 0,
    "date_joined": "2026-02-21T22:51:56.658Z",
    "last_login": "2026-02-22T07:02:59.278Z",
    "updated_at": "2026-02-21T22:51:57.721Z",
    "groups": [],
    "user_permissions": []
  }
},
{
  "model": "accounts.user",
  "fields": {
    "password": "pbkdf2_sha256$870000$MGaQOXLuabQjBCWoDjsZcX$7qPz9Nx/17myh8WFTEqA8PoW+uJNKODXebPjXH26Qjc=",
    "is_superuser": false,
    "email": "abhi123@gmail.com",
    "username": "abhi",
    "first_name": "abhijeet",
    "last_name": "yadav",
    "role": "user",
    "is_staff": false,
    "is_active": true,
    "avatar_url": "",
    "bio": "",
    "problems_solved": 1,
    "contests_participated": 0,
    "rating": 0,
    "battles_played": 7,
    "battles_won": 0,
    "date_joined": "2026-02-21T23:47:32.170Z",
    "last_login": "2026-02-22T06:43:25.839Z",
    "updated_at": "2026-02-21T23:47:33.031Z",
    "groups": [],
    "user_permissions": []
  }
},
{
  "model": "problems.category",
  "pk": "003f9506-c23f-484d-8c4b-4c627ee2868d",
  "fields": {
    "name": "Trees",
    "slug": "trees",
    "description": "",
    "created_at": "2026-02-22T02:22:11.576Z"
  }
},
{
  "model": "problems.category",
  "pk": "16483c6e-4347-455d-82fd-7823cd2ba4c9",
  "fields": {
    "name": "Recursion",
    "slug": "recursion",
    "description": "",
    "created_at": "2026-02-21T18:13:49.810Z"
  }
},
{
  "model": "problems.category",
  "pk": "1f064a5f-57ba-45dd-a5cb-80c0dba387cc",
  "fields": {
    "name": "Graphs",
    "slug": "graphs",
    "description": "",
    "created_at": "2026-02-22T02:22:11.583Z"
  }
},
{
  "model": "problems.category",
  "pk": "256bd67c-9061-4e22-9661-67c541eea743",
  "fields": {
    "name": "Strings",
    "slug": "strings",
    "description": "",
    "created_at": "2026-02-21T18:13:49.760Z"
  }
},
{
  "model": "problems.category",
  "pk": "43610843-4ee4-4f25-8c26-211ce703292d",
  "fields": {
    "name": "Dynamic Programming",
    "slug": "dynamic-programming",
    "description": "",
    "created_at": "2026-02-21T18:13:49.792Z"
  }
},
{
  "model": "problems.category",
  "pk": "65eafa5f-4c85-4ee6-9813-3a25678a85d7",
  "fields": {
    "name": "Sorting",
    "slug": "sorting",
    "description": "",
    "created_at": "2026-02-21T18:13:49.825Z"
  }
},
{
  "model": "problems.category",
  "pk": "7c41ee7e-71d2-409c-9e07-6e7e25ec9e4a",
  "fields": {
    "name": "Math",
    "slug": "math",
    "description": "",
    "created_at": "2026-02-21T18:13:49.775Z"
  }
},
{
  "model": "problems.category",
  "pk": "c70b930c-e536-4116-a1dc-e6f02a0203a3",
  "fields": {
    "name": "Arrays",
    "slug": "arrays",
    "description": "",
    "created_at": "2026-02-21T14:57:46.536Z"
  }
},
{
  "model": "problems.category",
  "pk": "e4b6fbad-a48b-4052-8369-f3b7b6339ded",
  "fields": {
    "name": "Searching",
    "slug": "searching",
    "description": "",
    "created_at": "2026-02-22T02:22:11.590Z"
  }
},
{
  "model": "problems.category",
  "pk": "f4c6cfa8-296f-4e28-b1df-82ba50b30fdd",
  "fields": {
    "name": "Greedy",
    "slug": "greedy",
    "description": "",
    "created_at": "2026-02-22T02:22:11.599Z"
  }
},
{
  "model": "problems.problem",
  "pk": "0b92df40-767f-4f6f-82da-caabd7ac1f04",
  "fields": {
    "title": "Activity Selection (Greedy)",
    "slug": "activity-selection-greedy",
    "description": "<h3>Activity Selection</h3><p>Given <code>n</code> activities with start and finish times, find the maximum number of activities that can be performed by a single person (a person can only work on one activity at a time).</p><h4>Example</h4><pre>Input:\n4\n1 3\n2 5\n4 7\n1 8\nOutput: 2</pre>",
    "input_format": "First line: n\nNext n lines: start finish",
    "output_format": "Maximum number of non-overlapping activities",
    "constraints": "1 <= n <= 10^5\n0 <= start < finish <= 10^9",
    "difficulty": "medium",
    "category": "f4c6cfa8-296f-4e28-b1df-82ba50b30fdd",
    "time_limit_ms": 2000,
    "memory_limit_mb": 256,
    "is_published": true,
    "total_submissions": 0,
    "accepted_submissions": 0,
    "created_by": [
      "mandlesh2005@gmail.com"
    ],
    "created_at": "2026-02-22T02:22:12.056Z",
    "updated_at": "2026-02-22T02:22:12.056Z"
  }
},
{
  "model": "problems.problem",
  "pk": "185058b9-bf58-472e-a23f-d8e1111f0c12",
  "fields": {
    "title": "Merge Sorted Arrays",
    "slug": "merge-sorted-arrays",
    "description": "<h3>Merge Sorted Arrays</h3><p>Given two sorted integer arrays <code>nums1</code> and <code>nums2</code>, merge them into a single sorted array and print it.</p><h4>Example</h4><pre>Input:\n3\n1 3 5\n3\n2 4 6\nOutput: 1 2 3 4 5 6</pre>",
    "input_format": "First line: n\nSecond line: n sorted integers\nThird line: m\nFourth line: m sorted integers",
    "output_format": "Space-separated merged sorted array",
    "constraints": "0 <= n, m <= 10^4",
    "difficulty": "easy",
    "category": "65eafa5f-4c85-4ee6-9813-3a25678a85d7",
    "time_limit_ms": 1000,
    "memory_limit_mb": 128,
    "is_published": true,
    "total_submissions": 0,
    "accepted_submissions": 0,
    "created_by": [
      "mandlesh2005@gmail.com"
    ],
    "created_at": "2026-02-22T02:22:11.747Z",
    "updated_at": "2026-02-22T02:22:11.747Z"
  }
},
{
  "model": "problems.problem",
  "pk": "2563502d-e4da-4844-a621-d29eb83f2aee",
  "fields": {
    "title": "Count Vowels",
    "slug": "count-vowels",
    "description": "<p>Given a string <code>S</code>, count the number of vowels (a, e, i, o, u ΓÇö both uppercase and lowercase).</p>",
    "input_format": "A single line containing a string S.",
    "output_format": "Print the number of vowels in S.",
    "constraints": "1 Γëñ |S| Γëñ 10^5",
    "difficulty": "easy",
    "category": "256bd67c-9061-4e22-9661-67c541eea743",
    "time_limit_ms": 1000,
    "memory_limit_mb": 256,
    "is_published": true,
    "total_submissions": 0,
    "accepted_submissions": 0,
    "created_by": [
      "admin123@gmail.com"
    ],
    "created_at": "2026-02-21T18:13:49.930Z",
    "updated_at": "2026-02-21T18:13:49.930Z"
  }
},
{
  "model": "problems.problem",
  "pk": "33a3c3b8-d304-4095-bec3-b9a1dd65ad31",
  "fields": {
    "title": "0/1 Knapsack",
    "slug": "01-knapsack",
    "description": "<p>You are given <code>N</code> items, each with a weight and a value. You have a knapsack that can carry a maximum weight of <code>W</code>.</p><p>Determine the maximum total value you can carry. You may include each item <strong>at most once</strong>.</p>",
    "input_format": "First line: N W\nNext N lines: weight_i value_i",
    "output_format": "Print the maximum total value.",
    "constraints": "1 Γëñ N Γëñ 1000\n1 Γëñ W Γëñ 1000\n1 Γëñ weight_i, value_i Γëñ 1000",
    "difficulty": "hard",
    "category": "43610843-4ee4-4f25-8c26-211ce703292d",
    "time_limit_ms": 3000,
    "memory_limit_mb": 256,
    "is_published": true,
    "total_submissions": 0,
    "accepted_submissions": 0,
    "created_by": [
      "admin123@gmail.com"
    ],
    "created_at": "2026-02-21T18:13:50.185Z",
    "updated_at": "2026-02-21T18:13:50.185Z"
  }
},
{
  "model": "problems.problem",
  "pk": "347bede8-9f30-4a21-9702-bbccf845b5b9",
  "fields": {
    "title": "Palindrome Check",
    "slug": "palindrome-check",
    "description": "<p>Given a string <code>S</code> (lowercase letters only), determine whether it is a palindrome.</p><p>A palindrome reads the same forward and backward.</p>",
    "input_format": "A single line containing a string S (lowercase letters only, no spaces).",
    "output_format": "Print \"YES\" if S is a palindrome, otherwise print \"NO\".",
    "constraints": "1 Γëñ |S| Γëñ 10^5",
    "difficulty": "easy",
    "category": "256bd67c-9061-4e22-9661-67c541eea743",
    "time_limit_ms": 1000,
    "memory_limit_mb": 256,
    "is_published": true,
    "total_submissions": 4,
    "accepted_submissions": 0,
    "created_by": [
      "admin123@gmail.com"
    ],
    "created_at": "2026-02-21T18:13:49.901Z",
    "updated_at": "2026-02-21T18:13:49.901Z"
  }
},
{
  "model": "problems.problem",
  "pk": "37a98346-d9d4-4493-a069-508d6240508a",
  "fields": {
    "title": "Sum of Digits",
    "slug": "sum-of-digits",
    "description": "<p>Given a non-negative integer <code>N</code>, find the sum of all its digits.</p><p><strong>Example:</strong> For N = 1234, the sum is 1+2+3+4 = 10.</p>",
    "input_format": "A single line containing a non-negative integer N.",
    "output_format": "Print the sum of digits of N.",
    "constraints": "0 Γëñ N Γëñ 10^18",
    "difficulty": "easy",
    "category": "7c41ee7e-71d2-409c-9e07-6e7e25ec9e4a",
    "time_limit_ms": 1000,
    "memory_limit_mb": 256,
    "is_published": true,
    "total_submissions": 0,
    "accepted_submissions": 0,
    "created_by": [
      "admin123@gmail.com"
    ],
    "created_at": "2026-02-21T18:13:49.869Z",
    "updated_at": "2026-02-21T18:13:49.869Z"
  }
},
{
  "model": "problems.problem",
  "pk": "3f8d6054-4568-4305-8674-4c59bdab5f2b",
  "fields": {
    "title": "Two Sum",
    "slug": "two-sum",
    "description": "Given two integers a and b, print their sum.",
    "input_format": "Two integers a and b separated by a space.",
    "output_format": "A single integer, the sum of a and b.",
    "constraints": "1 <= a, b <= 1000",
    "difficulty": "easy",
    "category": null,
    "time_limit_ms": 2000,
    "memory_limit_mb": 256,
    "is_published": true,
    "total_submissions": 32,
    "accepted_submissions": 10,
    "created_by": [
      "admin123@gmail.com"
    ],
    "created_at": "2026-02-21T14:57:54.972Z",
    "updated_at": "2026-02-21T14:57:54.972Z"
  }
},
{
  "model": "problems.problem",
  "pk": "52b117ed-d4e7-40fb-b7cb-7fa0cd5e35b8",
  "fields": {
    "title": "Second Largest Element",
    "slug": "second-largest-element",
    "description": "<p>Given an array of <code>N</code> distinct integers, find the second largest element.</p>",
    "input_format": "First line: N (size of array).\nSecond line: N space-separated integers.",
    "output_format": "Print the second largest element.",
    "constraints": "2 Γëñ N Γëñ 10^5\n-10^9 Γëñ A[i] Γëñ 10^9\nAll elements are distinct.",
    "difficulty": "medium",
    "category": "c70b930c-e536-4116-a1dc-e6f02a0203a3",
    "time_limit_ms": 1000,
    "memory_limit_mb": 256,
    "is_published": true,
    "total_submissions": 0,
    "accepted_submissions": 0,
    "created_by": [
      "admin123@gmail.com"
    ],
    "created_at": "2026-02-21T18:13:50.054Z",
    "updated_at": "2026-02-21T18:13:50.054Z"
  }
},
{
  "model": "problems.problem",
  "pk": "62d9ce5a-117f-4a51-a00c-372d9766db9e",
  "fields": {
    "title": "Sort an Array",
    "slug": "sort-an-array",
    "description": "<p>Given an array of <code>N</code> integers, sort them in non-decreasing order and print the result.</p>",
    "input_format": "First line: N.\nSecond line: N space-separated integers.",
    "output_format": "Print the sorted array on a single line with elements separated by spaces.",
    "constraints": "1 Γëñ N Γëñ 10^5\n-10^9 Γëñ A[i] Γëñ 10^9",
    "difficulty": "medium",
    "category": "65eafa5f-4c85-4ee6-9813-3a25678a85d7",
    "time_limit_ms": 2000,
    "memory_limit_mb": 256,
    "is_published": true,
    "total_submissions": 0,
    "accepted_submissions": 0,
    "created_by": [
      "admin123@gmail.com"
    ],
    "created_at": "2026-02-21T18:13:50.119Z",
    "updated_at": "2026-02-21T18:13:50.119Z"
  }
},
{
  "model": "problems.problem",
  "pk": "6b0cc879-7aff-4275-8f33-a43d812b4495",
  "fields": {
    "title": "FizzBuzz",
    "slug": "fizzbuzz",
    "description": "<h3>FizzBuzz</h3><p>Given an integer <code>n</code>, print numbers from 1 to n. For multiples of 3, print <code>Fizz</code>; for multiples of 5, print <code>Buzz</code>; for multiples of both, print <code>FizzBuzz</code>.</p><h4>Example</h4><pre>Input: 5\nOutput:\n1\n2\nFizz\n4\nBuzz</pre>",
    "input_format": "A single integer n",
    "output_format": "n lines of output",
    "constraints": "1 <= n <= 10^4",
    "difficulty": "easy",
    "category": "7c41ee7e-71d2-409c-9e07-6e7e25ec9e4a",
    "time_limit_ms": 1000,
    "memory_limit_mb": 128,
    "is_published": true,
    "total_submissions": 1,
    "accepted_submissions": 0,
    "created_by": [
      "mandlesh2005@gmail.com"
    ],
    "created_at": "2026-02-22T02:22:11.657Z",
    "updated_at": "2026-02-22T02:22:11.657Z"
  }
},
{
  "model": "problems.problem",
  "pk": "715198c5-f54b-4ab9-95d0-27cd8d86cce2",
  "fields": {
    "title": "Longest Common Subsequence",
    "slug": "longest-common-subsequence",
    "description": "<p>Given two strings <code>A</code> and <code>B</code>, find the length of their <strong>Longest Common Subsequence (LCS)</strong>.</p><p>A subsequence is a sequence derived from another by deleting some or no characters without changing the order of the remaining characters.</p><p><strong>Example:</strong> LCS of <code>ABCBDAB</code> and <code>BDCAB</code> is <code>BCAB</code> with length 4.</p>",
    "input_format": "Two lines, each containing a string.",
    "output_format": "Print the length of the LCS.",
    "constraints": "1 Γëñ |A|, |B| Γëñ 1000\nStrings contain only uppercase English letters.",
    "difficulty": "hard",
    "category": "43610843-4ee4-4f25-8c26-211ce703292d",
    "time_limit_ms": 3000,
    "memory_limit_mb": 256,
    "is_published": true,
    "total_submissions": 1,
    "accepted_submissions": 0,
    "created_by": [
      "admin123@gmail.com"
    ],
    "created_at": "2026-02-21T18:13:50.150Z",
    "updated_at": "2026-02-21T18:13:50.150Z"
  }
},
{
  "model": "problems.problem",
  "pk": "718a34d3-bc1d-4d02-bcf1-8bacef195b1c",
  "fields": {
    "title": "Fibonacci Number",
    "slug": "fibonacci-number",
    "description": "<p>Given an integer <code>N</code>, print the N-th Fibonacci number.</p><p>The Fibonacci sequence is defined as:</p><ul><li>F(0) = 0</li><li>F(1) = 1</li><li>F(N) = F(N-1) + F(N-2) for N ΓëÑ 2</li></ul>",
    "input_format": "A single integer N.",
    "output_format": "Print the N-th Fibonacci number.",
    "constraints": "0 Γëñ N Γëñ 50",
    "difficulty": "easy",
    "category": "16483c6e-4347-455d-82fd-7823cd2ba4c9",
    "time_limit_ms": 1000,
    "memory_limit_mb": 256,
    "is_published": true,
    "total_submissions": 0,
    "accepted_submissions": 0,
    "created_by": [
      "admin123@gmail.com"
    ],
    "created_at": "2026-02-21T18:13:49.962Z",
    "updated_at": "2026-02-21T18:13:49.962Z"
  }
},
{
  "model": "problems.problem",
  "pk": "769353e8-02c6-43cc-8221-5d56f136b2fe",
  "fields": {
    "title": "Topological Sort",
    "slug": "topological-sort",
    "description": "<h3>Topological Sort</h3><p>Given a directed acyclic graph (DAG) with <code>n</code> nodes and <code>m</code> edges, output a valid topological ordering. If multiple orderings exist, output the lexicographically smallest one.</p><h4>Example</h4><pre>Input:\n4 4\n3 0\n3 1\n0 1\n0 2\nOutput: 3 0 1 2</pre>",
    "input_format": "First line: n m\nNext m lines: u v (directed edge u -> v)",
    "output_format": "Space-separated topological order",
    "constraints": "1 <= n <= 10^4\n0 <= m <= 10^5",
    "difficulty": "medium",
    "category": "1f064a5f-57ba-45dd-a5cb-80c0dba387cc",
    "time_limit_ms": 2000,
    "memory_limit_mb": 256,
    "is_published": true,
    "total_submissions": 0,
    "accepted_submissions": 0,
    "created_by": [
      "mandlesh2005@gmail.com"
    ],
    "created_at": "2026-02-22T02:22:11.995Z",
    "updated_at": "2026-02-22T02:22:11.995Z"
  }
},
{
  "model": "problems.problem",
  "pk": "79e8808c-dee2-4e14-bb44-330e25693fa3",
  "fields": {
    "title": "Detect Cycle in Graph",
    "slug": "detect-cycle-in-graph",
    "description": "<h3>Detect Cycle in Graph</h3><p>Given a directed graph with <code>n</code> nodes and <code>m</code> edges, determine if the graph contains a cycle.</p><h4>Example</h4><pre>Input:\n3 3\n0 1\n1 2\n2 0\nOutput: true</pre>",
    "input_format": "First line: n m\nNext m lines: u v (directed edge from u to v)",
    "output_format": "true or false",
    "constraints": "1 <= n <= 10^4\n0 <= m <= 10^5",
    "difficulty": "medium",
    "category": "1f064a5f-57ba-45dd-a5cb-80c0dba387cc",
    "time_limit_ms": 2000,
    "memory_limit_mb": 256,
    "is_published": true,
    "total_submissions": 4,
    "accepted_submissions": 0,
    "created_by": [
      "mandlesh2005@gmail.com"
    ],
    "created_at": "2026-02-22T02:22:11.914Z",
    "updated_at": "2026-02-22T02:22:11.914Z"
  }
},
{
  "model": "problems.problem",
  "pk": "7e6f811b-508b-492c-a86b-a3777574b04a",
  "fields": {
    "title": "Graph BFS Shortest Path",
    "slug": "graph-bfs-shortest-path",
    "description": "<h3>Graph BFS Shortest Path</h3><p>Given an unweighted undirected graph with <code>n</code> nodes (0-indexed) and <code>m</code> edges, find the shortest path length from node <code>0</code> to node <code>n-1</code>. If no path exists, return -1.</p><h4>Example</h4><pre>Input:\n4 4\n0 1\n1 2\n2 3\n0 3\nOutput: 1</pre>",
    "input_format": "First line: n m (nodes, edges)\nNext m lines: u v (edge between u and v)",
    "output_format": "Shortest path length from 0 to n-1, or -1",
    "constraints": "2 <= n <= 10^4\n0 <= m <= 10^5",
    "difficulty": "medium",
    "category": "1f064a5f-57ba-45dd-a5cb-80c0dba387cc",
    "time_limit_ms": 2000,
    "memory_limit_mb": 256,
    "is_published": true,
    "total_submissions": 1,
    "accepted_submissions": 0,
    "created_by": [
      "mandlesh2005@gmail.com"
    ],
    "created_at": "2026-02-22T02:22:11.857Z",
    "updated_at": "2026-02-22T02:22:11.857Z"
  }
},
{
  "model": "problems.problem",
  "pk": "838705d1-db03-4bce-a68b-9e1f442985df",
  "fields": {
    "title": "Reverse a String",
    "slug": "reverse-a-string",
    "description": "<p>Given a string <code>S</code>, print the string in reverse order.</p>",
    "input_format": "A single line containing a string S.",
    "output_format": "Print the reversed string on a single line.",
    "constraints": "1 Γëñ |S| Γëñ 10^5\nS contains only printable ASCII characters.",
    "difficulty": "easy",
    "category": "256bd67c-9061-4e22-9661-67c541eea743",
    "time_limit_ms": 1000,
    "memory_limit_mb": 256,
    "is_published": true,
    "total_submissions": 2,
    "accepted_submissions": 2,
    "created_by": [
      "admin123@gmail.com"
    ],
    "created_at": "2026-02-21T18:13:49.840Z",
    "updated_at": "2026-02-21T18:13:49.840Z"
  }
},
{
  "model": "problems.problem",
  "pk": "85094062-8063-4b07-b397-a0cf565a9336",
  "fields": {
    "title": "Anagram Check",
    "slug": "anagram-check",
    "description": "<p>Given two strings <code>A</code> and <code>B</code>, determine if they are anagrams of each other.</p><p>Two strings are anagrams if one can be formed by rearranging the letters of the other (ignoring case).</p>",
    "input_format": "Two lines, each containing a string (one word, no spaces).",
    "output_format": "Print \"YES\" if the strings are anagrams, else \"NO\".",
    "constraints": "1 Γëñ |A|, |B| Γëñ 10^5\nStrings contain only alphabetic characters.",
    "difficulty": "medium",
    "category": "256bd67c-9061-4e22-9661-67c541eea743",
    "time_limit_ms": 1000,
    "memory_limit_mb": 256,
    "is_published": true,
    "total_submissions": 0,
    "accepted_submissions": 0,
    "created_by": [
      "admin123@gmail.com"
    ],
    "created_at": "2026-02-21T18:13:50.022Z",
    "updated_at": "2026-02-21T18:13:50.022Z"
  }
},
{
  "model": "problems.problem",
  "pk": "94b5947e-e574-4251-acb1-2079d96571d8",
  "fields": {
    "title": "Edit Distance",
    "slug": "edit-distance",
    "description": "<p>Given two strings <code>A</code> and <code>B</code>, find the minimum number of operations required to convert <code>A</code> into <code>B</code>.</p><p>Allowed operations:</p><ul><li><strong>Insert</strong> a character</li><li><strong>Delete</strong> a character</li><li><strong>Replace</strong> a character</li></ul><p>This is also known as the <em>Levenshtein Distance</em>.</p>",
    "input_format": "Two lines, each containing a string.",
    "output_format": "Print the minimum edit distance.",
    "constraints": "0 Γëñ |A|, |B| Γëñ 1000\nStrings contain only lowercase English letters.",
    "difficulty": "hard",
    "category": "43610843-4ee4-4f25-8c26-211ce703292d",
    "time_limit_ms": 3000,
    "memory_limit_mb": 256,
    "is_published": true,
    "total_submissions": 0,
    "accepted_submissions": 0,
    "created_by": [
      "admin123@gmail.com"
    ],
    "created_at": "2026-02-21T18:13:50.256Z",
    "updated_at": "2026-02-21T18:13:50.256Z"
  }
},
{
  "model": "problems.problem",
  "pk": "a3635944-f79c-4916-9ccf-14530111db6c",
  "fields": {
    "title": "Prime Number Check",
    "slug": "prime-number-check",
    "description": "<p>Given <code>T</code> test cases, for each integer <code>N</code>, determine if it is prime.</p><p>A prime number is greater than 1 and has no divisors other than 1 and itself.</p>",
    "input_format": "First line: T (number of test cases).\nNext T lines: one integer N each.",
    "output_format": "For each N, print \"PRIME\" if it is prime, else \"NOT PRIME\".",
    "constraints": "1 Γëñ T Γëñ 100\n1 Γëñ N Γëñ 10^9",
    "difficulty": "medium",
    "category": "7c41ee7e-71d2-409c-9e07-6e7e25ec9e4a",
    "time_limit_ms": 2000,
    "memory_limit_mb": 256,
    "is_published": true,
    "total_submissions": 0,
    "accepted_submissions": 0,
    "created_by": [
      "admin123@gmail.com"
    ],
    "created_at": "2026-02-21T18:13:49.995Z",
    "updated_at": "2026-02-21T18:13:49.995Z"
  }
},
{
  "model": "problems.problem",
  "pk": "abb94114-2414-48a7-adeb-2d9cc0a9e1b0",
  "fields": {
    "title": "Reverse String",
    "slug": "reverse-string",
    "description": "<h3>Reverse String</h3><p>Write a function that reverses a string. The input string is given as a single line.</p><h4>Example</h4><pre>Input: hello\nOutput: olleh</pre>",
    "input_format": "A single string s",
    "output_format": "The reversed string",
    "constraints": "1 <= len(s) <= 10^5\ns contains only printable ASCII characters",
    "difficulty": "easy",
    "category": "256bd67c-9061-4e22-9661-67c541eea743",
    "time_limit_ms": 1000,
    "memory_limit_mb": 128,
    "is_published": true,
    "total_submissions": 6,
    "accepted_submissions": 0,
    "created_by": [
      "mandlesh2005@gmail.com"
    ],
    "created_at": "2026-02-22T02:22:11.608Z",
    "updated_at": "2026-02-22T02:22:11.608Z"
  }
},
{
  "model": "problems.problem",
  "pk": "bea380d5-2907-4d0a-9e99-3c3031fbf008",
  "fields": {
    "title": "Binary to Decimal",
    "slug": "binary-to-decimal",
    "description": "<p>Given a binary string (consisting only of '0' and '1'), convert it to its decimal equivalent.</p>",
    "input_format": "A single line containing a binary string B.",
    "output_format": "Print the decimal value of B.",
    "constraints": "1 Γëñ |B| Γëñ 63\nB contains only '0' and '1'.\nThe result fits in a 64-bit signed integer.",
    "difficulty": "medium",
    "category": "7c41ee7e-71d2-409c-9e07-6e7e25ec9e4a",
    "time_limit_ms": 1000,
    "memory_limit_mb": 256,
    "is_published": true,
    "total_submissions": 0,
    "accepted_submissions": 0,
    "created_by": [
      "admin123@gmail.com"
    ],
    "created_at": "2026-02-21T18:13:50.088Z",
    "updated_at": "2026-02-21T18:13:50.088Z"
  }
},
{
  "model": "problems.problem",
  "pk": "cda10abd-d78a-46d9-ad0f-526329cdaffd",
  "fields": {
    "title": "Maximum Subarray Sum",
    "slug": "maximum-subarray-sum",
    "description": "<p>Given an array of <code>N</code> integers (which may include negative numbers), find the maximum sum of a contiguous subarray.</p><p>This is the classic <strong>Kadane's Algorithm</strong> problem.</p><p><strong>Note:</strong> The subarray must contain at least one element.</p>",
    "input_format": "First line: N.\nSecond line: N space-separated integers.",
    "output_format": "Print the maximum subarray sum.",
    "constraints": "1 Γëñ N Γëñ 10^5\n-10^4 Γëñ A[i] Γëñ 10^4",
    "difficulty": "hard",
    "category": "43610843-4ee4-4f25-8c26-211ce703292d",
    "time_limit_ms": 2000,
    "memory_limit_mb": 256,
    "is_published": true,
    "total_submissions": 0,
    "accepted_submissions": 0,
    "created_by": [
      "admin123@gmail.com"
    ],
    "created_at": "2026-02-21T18:13:50.283Z",
    "updated_at": "2026-02-21T18:13:50.283Z"
  }
},
{
  "model": "problems.problem",
  "pk": "d3be1963-266c-482f-a673-19f4c8a74f87",
  "fields": {
    "title": "Coin Change Problem",
    "slug": "coin-change-problem",
    "description": "<h3>Coin Change</h3><p>Given an array of coin denominations and a target amount, return the fewest number of coins needed to make up that amount. If it's not possible, return -1.</p><h4>Example</h4><pre>Input:\n3\n1 2 5\n11\nOutput: 3</pre><p>Explanation: 11 = 5 + 5 + 1</p>",
    "input_format": "First line: n (number of coin types)\nSecond line: n coin denominations\nThird line: target amount",
    "output_format": "Minimum coins needed, or -1",
    "constraints": "1 <= n <= 12\n1 <= coins[i] <= 2^31 - 1\n0 <= amount <= 10^4",
    "difficulty": "medium",
    "category": "43610843-4ee4-4f25-8c26-211ce703292d",
    "time_limit_ms": 2000,
    "memory_limit_mb": 256,
    "is_published": true,
    "total_submissions": 0,
    "accepted_submissions": 0,
    "created_by": [
      "mandlesh2005@gmail.com"
    ],
    "created_at": "2026-02-22T02:22:12.022Z",
    "updated_at": "2026-02-22T02:22:12.022Z"
  }
},
{
  "model": "problems.problem",
  "pk": "d406223c-a909-4c8a-9c03-89876d903c0d",
  "fields": {
    "title": "Invert Binary Tree",
    "slug": "invert-binary-tree",
    "description": "<h3>Invert Binary Tree</h3><p>Given a binary tree as array input (level order, -1 for null), invert it and print the level order traversal of the inverted tree.</p><h4>Example</h4><pre>Input: 7\n4 2 7 1 3 6 9\nOutput: 4 7 2 9 6 3 1</pre>",
    "input_format": "First line: n\nSecond line: n integers (-1 = null)",
    "output_format": "Space-separated level order of inverted tree (exclude nulls at end)",
    "constraints": "0 <= n <= 10^4",
    "difficulty": "easy",
    "category": "003f9506-c23f-484d-8c4b-4c627ee2868d",
    "time_limit_ms": 1000,
    "memory_limit_mb": 128,
    "is_published": true,
    "total_submissions": 0,
    "accepted_submissions": 0,
    "created_by": [
      "mandlesh2005@gmail.com"
    ],
    "created_at": "2026-02-22T02:22:11.942Z",
    "updated_at": "2026-02-22T02:22:11.942Z"
  }
},
{
  "model": "problems.problem",
  "pk": "d644a78f-1ac8-428f-8c88-3cd5167410f2",
  "fields": {
    "title": "Level Order Traversal",
    "slug": "level-order-traversal",
    "description": "<h3>Level Order Traversal</h3><p>Given a binary tree as an array (level order with -1 for null nodes), print the level order traversal with each level on a new line.</p><h4>Example</h4><pre>Input: 7\n3 9 20 -1 -1 15 7\nOutput:\n3\n9 20\n15 7</pre>",
    "input_format": "First line: n (number of elements)\nSecond line: n space-separated integers (-1 = null)",
    "output_format": "Level order traversal, each level on a new line",
    "constraints": "1 <= n <= 10^4",
    "difficulty": "medium",
    "category": "003f9506-c23f-484d-8c4b-4c627ee2868d",
    "time_limit_ms": 2000,
    "memory_limit_mb": 256,
    "is_published": true,
    "total_submissions": 0,
    "accepted_submissions": 0,
    "created_by": [
      "mandlesh2005@gmail.com"
    ],
    "created_at": "2026-02-22T02:22:11.831Z",
    "updated_at": "2026-02-22T02:22:11.831Z"
  }
},
{
  "model": "problems.problem",
  "pk": "dc880731-2958-4fee-b484-6a2f16e23ef4",
  "fields": {
    "title": "Longest Increasing Subsequence",
    "slug": "longest-increasing-subsequence",
    "description": "<p>Given an array of <code>N</code> integers, find the length of the <strong>Longest Strictly Increasing Subsequence (LIS)</strong>.</p><p>A subsequence is strictly increasing if each element is greater than the previous one.</p>",
    "input_format": "First line: N.\nSecond line: N space-separated integers.",
    "output_format": "Print the length of the LIS.",
    "constraints": "1 Γëñ N Γëñ 10^5\n-10^9 Γëñ A[i] Γëñ 10^9",
    "difficulty": "hard",
    "category": "43610843-4ee4-4f25-8c26-211ce703292d",
    "time_limit_ms": 3000,
    "memory_limit_mb": 256,
    "is_published": true,
    "total_submissions": 0,
    "accepted_submissions": 0,
    "created_by": [
      "admin123@gmail.com"
    ],
    "created_at": "2026-02-21T18:13:50.217Z",
    "updated_at": "2026-02-21T18:13:50.217Z"
  }
},
{
  "model": "problems.problem",
  "pk": "e491e45b-a0d2-4aec-a53f-2336cf540a4a",
  "fields": {
    "title": "Min Heap Operations",
    "slug": "min-heap-operations",
    "description": "<h3>Min Heap Operations</h3><p>Implement a min heap. Process operations: <code>insert x</code>, <code>extractMin</code>, <code>getMin</code>.</p><h4>Example</h4><pre>Input:\n5\ninsert 5\ninsert 3\ngetMin\nextractMin\ngetMin\nOutput:\n3\n3\n5</pre>",
    "input_format": "First line: n\nNext n lines: operations",
    "output_format": "Output for getMin and extractMin on separate lines",
    "constraints": "1 <= n <= 10^4",
    "difficulty": "medium",
    "category": "003f9506-c23f-484d-8c4b-4c627ee2868d",
    "time_limit_ms": 2000,
    "memory_limit_mb": 256,
    "is_published": true,
    "total_submissions": 0,
    "accepted_submissions": 0,
    "created_by": [
      "mandlesh2005@gmail.com"
    ],
    "created_at": "2026-02-22T02:22:11.973Z",
    "updated_at": "2026-02-22T02:22:11.973Z"
  }
},
{
  "model": "problems.problem",
  "pk": "f3197bee-4297-4b8d-a921-9afa30e6393f",
  "fields": {
    "title": "Valid Parentheses",
    "slug": "valid-parentheses",
    "description": "<h3>Valid Parentheses</h3><p>Given a string <code>s</code> containing just the characters <code>(</code>, <code>)</code>, <code>{</code>, <code>}</code>, <code>[</code> and <code>]</code>, determine if the input string is valid.</p><p>An input string is valid if: open brackets are closed by the same type, and in the correct order.</p><h4>Example</h4><pre>Input: ()[]{}\nOutput: true</pre>",
    "input_format": "A single string s",
    "output_format": "true or false",
    "constraints": "1 <= len(s) <= 10^4",
    "difficulty": "easy",
    "category": "256bd67c-9061-4e22-9661-67c541eea743",
    "time_limit_ms": 1000,
    "memory_limit_mb": 128,
    "is_published": true,
    "total_submissions": 0,
    "accepted_submissions": 0,
    "created_by": [
      "mandlesh2005@gmail.com"
    ],
    "created_at": "2026-02-22T02:22:11.705Z",
    "updated_at": "2026-02-22T02:22:11.705Z"
  }
},
{
  "model": "problems.problem",
  "pk": "f60c7f32-a8c6-4958-a954-44601a6a3d2a",
  "fields": {
    "title": "Implement Stack using Queues",
    "slug": "stack-using-queues",
    "description": "<h3>Stack using Queues</h3><p>Implement a stack using only queue operations. Process a series of commands: <code>push x</code>, <code>pop</code>, <code>top</code>, <code>empty</code>.</p><h4>Example</h4><pre>Input:\n5\npush 1\npush 2\ntop\npop\nempty\nOutput:\n2\n2\nfalse</pre>",
    "input_format": "First line: n (number of operations)\nNext n lines: operations",
    "output_format": "Output for each top, pop, empty operation on separate lines",
    "constraints": "1 <= n <= 100\n1 <= x <= 9",
    "difficulty": "easy",
    "category": "c70b930c-e536-4116-a1dc-e6f02a0203a3",
    "time_limit_ms": 1000,
    "memory_limit_mb": 128,
    "is_published": true,
    "total_submissions": 1,
    "accepted_submissions": 0,
    "created_by": [
      "mandlesh2005@gmail.com"
    ],
    "created_at": "2026-02-22T02:22:11.888Z",
    "updated_at": "2026-02-22T02:22:11.888Z"
  }
},
{
  "model": "problems.problem",
  "pk": "f9f18ae7-51be-41e8-be8a-872c18dbc9a2",
  "fields": {
    "title": "Binary Search",
    "slug": "binary-search",
    "description": "<h3>Binary Search</h3><p>Given a sorted array of integers and a target value, return the index of the target if found, otherwise return -1.</p><h4>Example</h4><pre>Input:\n5\n-1 0 3 5 9\n9\nOutput: 4</pre>",
    "input_format": "First line: n\nSecond line: n sorted integers\nThird line: target",
    "output_format": "Index of target or -1",
    "constraints": "1 <= n <= 10^4\n-10^4 <= nums[i], target <= 10^4",
    "difficulty": "easy",
    "category": "e4b6fbad-a48b-4052-8369-f3b7b6339ded",
    "time_limit_ms": 1000,
    "memory_limit_mb": 128,
    "is_published": true,
    "total_submissions": 0,
    "accepted_submissions": 0,
    "created_by": [
      "mandlesh2005@gmail.com"
    ],
    "created_at": "2026-02-22T02:22:11.787Z",
    "updated_at": "2026-02-22T02:22:11.787Z"
  }
},
{
  "model": "problems.testcase",
  "pk": "029ab2a3-ee22-47e6-8996-061ed86eaeee",
  "fields": {
    "problem": "f3197bee-4297-4b8d-a921-9afa30e6393f",
    "input_data": "((()))",
    "expected_output": "true",
    "is_sample": false,
    "order": 3
  }
},
{
  "model": "problems.testcase",
  "pk": "06a74d87-c2c5-4957-9d1e-2d3686b6e91d",
  "fields": {
    "problem": "769353e8-02c6-43cc-8221-5d56f136b2fe",
    "input_data": "3 2\n0 1\n0 2",
    "expected_output": "0 1 2",
    "is_sample": true,
    "order": 1
  }
},
{
  "model": "problems.testcase",
  "pk": "070b124c-96c4-473f-8a69-cb9b6f599560",
  "fields": {
    "problem": "185058b9-bf58-472e-a23f-d8e1111f0c12",
    "input_data": "0\n\n3\n1 2 3",
    "expected_output": "1 2 3",
    "is_sample": false,
    "order": 3
  }
},
{
  "model": "problems.testcase",
  "pk": "07bba1dd-b5e6-480e-a8d6-e9c5d5117e78",
  "fields": {
    "problem": "2563502d-e4da-4844-a621-d29eb83f2aee",
    "input_data": "Hello World",
    "expected_output": "3",
    "is_sample": true,
    "order": 1
  }
},
{
  "model": "problems.testcase",
  "pk": "096a0cc1-8fc5-4dd2-8847-4764c599e80a",
  "fields": {
    "problem": "838705d1-db03-4bce-a68b-9e1f442985df",
    "input_data": "abcdefghij",
    "expected_output": "jihgfedcba",
    "is_sample": false,
    "order": 3
  }
},
{
  "model": "problems.testcase",
  "pk": "10437e32-93de-4820-934f-5e118ab7407c",
  "fields": {
    "problem": "347bede8-9f30-4a21-9702-bbccf845b5b9",
    "input_data": "madam",
    "expected_output": "YES",
    "is_sample": false,
    "order": 3
  }
},
{
  "model": "problems.testcase",
  "pk": "11107d14-04a1-412c-88f5-157aeb1b624f",
  "fields": {
    "problem": "7e6f811b-508b-492c-a86b-a3777574b04a",
    "input_data": "3 2\n0 1\n1 2",
    "expected_output": "2",
    "is_sample": true,
    "order": 1
  }
},
{
  "model": "problems.testcase",
  "pk": "1437e9b9-8cef-4f90-9176-708e8bf147a8",
  "fields": {
    "problem": "838705d1-db03-4bce-a68b-9e1f442985df",
    "input_data": "hello",
    "expected_output": "olleh",
    "is_sample": true,
    "order": 1
  }
},
{
  "model": "problems.testcase",
  "pk": "165aebe8-9e86-4ed5-90d6-91726306fd1b",
  "fields": {
    "problem": "347bede8-9f30-4a21-9702-bbccf845b5b9",
    "input_data": "abcd",
    "expected_output": "NO",
    "is_sample": false,
    "order": 5
  }
},
{
  "model": "problems.testcase",
  "pk": "187164a4-1333-46fb-b9f5-ca3074f76831",
  "fields": {
    "problem": "f9f18ae7-51be-41e8-be8a-872c18dbc9a2",
    "input_data": "3\n1 2 3\n4",
    "expected_output": "-1",
    "is_sample": false,
    "order": 3
  }
},
{
  "model": "problems.testcase",
  "pk": "19904923-034d-42ee-98ab-513c3ba8b49f",
  "fields": {
    "problem": "79e8808c-dee2-4e14-bb44-330e25693fa3",
    "input_data": "3 2\n0 1\n1 2",
    "expected_output": "false",
    "is_sample": true,
    "order": 1
  }
},
{
  "model": "problems.testcase",
  "pk": "1b0ec30f-f830-49a4-a5ab-7753a5b081a6",
  "fields": {
    "problem": "715198c5-f54b-4ab9-95d0-27cd8d86cce2",
    "input_data": "AGGTAB\nGXTXAYB",
    "expected_output": "4",
    "is_sample": true,
    "order": 2
  }
},
{
  "model": "problems.testcase",
  "pk": "1b4e9947-5657-41bc-89aa-e706cc5949e9",
  "fields": {
    "problem": "cda10abd-d78a-46d9-ad0f-526329cdaffd",
    "input_data": "5\n1 2 3 4 5",
    "expected_output": "15",
    "is_sample": true,
    "order": 2
  }
},
{
  "model": "problems.testcase",
  "pk": "1ca447f4-44b7-479a-ae02-c40a5b92d516",
  "fields": {
    "problem": "347bede8-9f30-4a21-9702-bbccf845b5b9",
    "input_data": "abcba",
    "expected_output": "YES",
    "is_sample": false,
    "order": 4
  }
},
{
  "model": "problems.testcase",
  "pk": "1ece1022-c2b8-4a77-960d-b53803427b0e",
  "fields": {
    "problem": "85094062-8063-4b07-b397-a0cf565a9336",
    "input_data": "abc\nabcd",
    "expected_output": "NO",
    "is_sample": false,
    "order": 4
  }
},
{
  "model": "problems.testcase",
  "pk": "1ffa3766-1c10-451a-9dac-8d85177b4f1c",
  "fields": {
    "problem": "347bede8-9f30-4a21-9702-bbccf845b5b9",
    "input_data": "hello",
    "expected_output": "NO",
    "is_sample": true,
    "order": 2
  }
},
{
  "model": "problems.testcase",
  "pk": "20080269-6d73-4e7d-8c1e-92a27b9bc7da",
  "fields": {
    "problem": "718a34d3-bc1d-4d02-bcf1-8bacef195b1c",
    "input_data": "0",
    "expected_output": "0",
    "is_sample": true,
    "order": 1
  }
},
{
  "model": "problems.testcase",
  "pk": "2137d8b4-91b0-4590-9820-f200b66402b0",
  "fields": {
    "problem": "718a34d3-bc1d-4d02-bcf1-8bacef195b1c",
    "input_data": "7",
    "expected_output": "13",
    "is_sample": true,
    "order": 2
  }
},
{
  "model": "problems.testcase",
  "pk": "22d23a48-5cba-4149-9531-7f33e3bbb4cb",
  "fields": {
    "problem": "bea380d5-2907-4d0a-9e99-3c3031fbf008",
    "input_data": "0",
    "expected_output": "0",
    "is_sample": false,
    "order": 3
  }
},
{
  "model": "problems.testcase",
  "pk": "24f05c1b-a0b5-4aad-ba00-e3eda9f6a17a",
  "fields": {
    "problem": "f60c7f32-a8c6-4958-a954-44601a6a3d2a",
    "input_data": "5\npush 1\npush 2\ntop\npop\nempty",
    "expected_output": "2\n2\nfalse",
    "is_sample": true,
    "order": 0
  }
},
{
  "model": "problems.testcase",
  "pk": "26e6071c-a856-48e5-ba81-e06cb4fd0e2d",
  "fields": {
    "problem": "37a98346-d9d4-4493-a069-508d6240508a",
    "input_data": "999999999999999999",
    "expected_output": "162",
    "is_sample": false,
    "order": 4
  }
},
{
  "model": "problems.testcase",
  "pk": "2936d7e2-6c06-4bc4-9fca-c8b388327157",
  "fields": {
    "problem": "718a34d3-bc1d-4d02-bcf1-8bacef195b1c",
    "input_data": "10",
    "expected_output": "55",
    "is_sample": false,
    "order": 3
  }
},
{
  "model": "problems.testcase",
  "pk": "2967f138-59e6-4b6d-a531-35ef0fea8ced",
  "fields": {
    "problem": "52b117ed-d4e7-40fb-b7cb-7fa0cd5e35b8",
    "input_data": "6\n-5 -1 -3 -2 -4 -6",
    "expected_output": "-2",
    "is_sample": false,
    "order": 3
  }
},
{
  "model": "problems.testcase",
  "pk": "2a159fa9-37da-41d2-8b97-a453cf0f5172",
  "fields": {
    "problem": "33a3c3b8-d304-4095-bec3-b9a1dd65ad31",
    "input_data": "4 8\n2 3\n3 4\n4 5\n5 6",
    "expected_output": "10",
    "is_sample": true,
    "order": 1
  }
},
{
  "model": "problems.testcase",
  "pk": "2b460663-f5e5-42e3-a012-03cfb638edc0",
  "fields": {
    "problem": "3f8d6054-4568-4305-8674-4c59bdab5f2b",
    "input_data": "999 1",
    "expected_output": "1000",
    "is_sample": false,
    "order": 3
  }
},
{
  "model": "problems.testcase",
  "pk": "2ff1bc1e-68c9-4583-b17d-53cf4378bf85",
  "fields": {
    "problem": "d644a78f-1ac8-428f-8c88-3cd5167410f2",
    "input_data": "7\n3 9 20 -1 -1 15 7",
    "expected_output": "3\n9 20\n15 7",
    "is_sample": true,
    "order": 0
  }
},
{
  "model": "problems.testcase",
  "pk": "31839cf0-7c57-42bd-9245-51aa2c374af8",
  "fields": {
    "problem": "d406223c-a909-4c8a-9c03-89876d903c0d",
    "input_data": "1\n1",
    "expected_output": "1",
    "is_sample": false,
    "order": 2
  }
},
{
  "model": "problems.testcase",
  "pk": "318ca821-1bdc-4c90-99ff-735bbc8615c6",
  "fields": {
    "problem": "e491e45b-a0d2-4aec-a53f-2336cf540a4a",
    "input_data": "3\ninsert 1\ninsert 2\nextractMin",
    "expected_output": "1",
    "is_sample": true,
    "order": 1
  }
},
{
  "model": "problems.testcase",
  "pk": "35672777-e458-4004-bafd-5f6992cbd05d",
  "fields": {
    "problem": "7e6f811b-508b-492c-a86b-a3777574b04a",
    "input_data": "4 2\n0 1\n2 3",
    "expected_output": "-1",
    "is_sample": false,
    "order": 2
  }
},
{
  "model": "problems.testcase",
  "pk": "37ea062b-00da-4dc4-ba79-0ae03377add5",
  "fields": {
    "problem": "85094062-8063-4b07-b397-a0cf565a9336",
    "input_data": "hello\nworld",
    "expected_output": "NO",
    "is_sample": true,
    "order": 2
  }
},
{
  "model": "problems.testcase",
  "pk": "3c922a98-c846-4ad3-b26e-69303286a2c8",
  "fields": {
    "problem": "715198c5-f54b-4ab9-95d0-27cd8d86cce2",
    "input_data": "ABCBDAB\nBDCAB",
    "expected_output": "4",
    "is_sample": true,
    "order": 1
  }
},
{
  "model": "problems.testcase",
  "pk": "40abf943-f9e8-446d-8141-a68a37455108",
  "fields": {
    "problem": "bea380d5-2907-4d0a-9e99-3c3031fbf008",
    "input_data": "11111111",
    "expected_output": "255",
    "is_sample": true,
    "order": 2
  }
},
{
  "model": "problems.testcase",
  "pk": "43a3d413-0d6b-4cd2-9ae4-c0946a526a07",
  "fields": {
    "problem": "94b5947e-e574-4251-acb1-2079d96571d8",
    "input_data": "horse\nros",
    "expected_output": "3",
    "is_sample": true,
    "order": 1
  }
},
{
  "model": "problems.testcase",
  "pk": "4a045f02-486a-4304-a37a-6ee1ac3cb731",
  "fields": {
    "problem": "185058b9-bf58-472e-a23f-d8e1111f0c12",
    "input_data": "3\n1 3 5\n3\n2 4 6",
    "expected_output": "1 2 3 4 5 6",
    "is_sample": true,
    "order": 0
  }
},
{
  "model": "problems.testcase",
  "pk": "4af43027-31d8-4673-b6b3-2e2fbcca0935",
  "fields": {
    "problem": "52b117ed-d4e7-40fb-b7cb-7fa0cd5e35b8",
    "input_data": "5\n3 1 4 1 5",
    "expected_output": "4",
    "is_sample": true,
    "order": 1
  }
},
{
  "model": "problems.testcase",
  "pk": "4c3929a2-2c89-4fd5-8ad0-38dc78614be3",
  "fields": {
    "problem": "85094062-8063-4b07-b397-a0cf565a9336",
    "input_data": "listen\nsilent",
    "expected_output": "YES",
    "is_sample": true,
    "order": 1
  }
},
{
  "model": "problems.testcase",
  "pk": "4c4e2778-326c-4e25-b9ea-973635b61d65",
  "fields": {
    "problem": "37a98346-d9d4-4493-a069-508d6240508a",
    "input_data": "0",
    "expected_output": "0",
    "is_sample": false,
    "order": 3
  }
},
{
  "model": "problems.testcase",
  "pk": "4ef11384-059b-476d-af91-fec94c2fcd76",
  "fields": {
    "problem": "62d9ce5a-117f-4a51-a00c-372d9766db9e",
    "input_data": "3\n9 2 7",
    "expected_output": "2 7 9",
    "is_sample": true,
    "order": 2
  }
},
{
  "model": "problems.testcase",
  "pk": "4f1114ef-15b9-4b28-b657-1f7ce67213b7",
  "fields": {
    "problem": "838705d1-db03-4bce-a68b-9e1f442985df",
    "input_data": "CodeArena",
    "expected_output": "anerAedoC",
    "is_sample": true,
    "order": 2
  }
},
{
  "model": "problems.testcase",
  "pk": "4f5a16fd-6300-4876-a222-433a4c616f40",
  "fields": {
    "problem": "347bede8-9f30-4a21-9702-bbccf845b5b9",
    "input_data": "racecar",
    "expected_output": "YES",
    "is_sample": true,
    "order": 1
  }
},
{
  "model": "problems.testcase",
  "pk": "50999c91-cb90-4162-bf81-f05d4f31125b",
  "fields": {
    "problem": "a3635944-f79c-4916-9ccf-14530111db6c",
    "input_data": "3\n2\n9\n17",
    "expected_output": "PRIME\nNOT PRIME\nPRIME",
    "is_sample": true,
    "order": 1
  }
},
{
  "model": "problems.testcase",
  "pk": "52581848-8779-4cd2-a269-ea14be137d61",
  "fields": {
    "problem": "f60c7f32-a8c6-4958-a954-44601a6a3d2a",
    "input_data": "3\npush 1\npop\nempty",
    "expected_output": "1\ntrue",
    "is_sample": true,
    "order": 1
  }
},
{
  "model": "problems.testcase",
  "pk": "5311e6c2-9dbd-4e4a-b684-42f67244c05e",
  "fields": {
    "problem": "79e8808c-dee2-4e14-bb44-330e25693fa3",
    "input_data": "4 4\n0 1\n1 2\n2 3\n3 1",
    "expected_output": "true",
    "is_sample": false,
    "order": 2
  }
},
{
  "model": "problems.testcase",
  "pk": "551c6fef-d562-425a-a85c-60268a8b2b5a",
  "fields": {
    "problem": "0b92df40-767f-4f6f-82da-caabd7ac1f04",
    "input_data": "1\n0 1",
    "expected_output": "1",
    "is_sample": false,
    "order": 2
  }
},
{
  "model": "problems.testcase",
  "pk": "56041e7b-0108-4443-8c60-d1d6332f0525",
  "fields": {
    "problem": "cda10abd-d78a-46d9-ad0f-526329cdaffd",
    "input_data": "4\n-1 -2 -3 -4",
    "expected_output": "-1",
    "is_sample": false,
    "order": 3
  }
},
{
  "model": "problems.testcase",
  "pk": "5cfa31b8-0289-470a-99a3-ed2ed189250e",
  "fields": {
    "problem": "94b5947e-e574-4251-acb1-2079d96571d8",
    "input_data": "kitten\nsitting",
    "expected_output": "3",
    "is_sample": false,
    "order": 3
  }
},
{
  "model": "problems.testcase",
  "pk": "650c4177-22a7-478b-ab29-14b9d9e00d67",
  "fields": {
    "problem": "2563502d-e4da-4844-a621-d29eb83f2aee",
    "input_data": "aeiouAEIOU",
    "expected_output": "10",
    "is_sample": true,
    "order": 2
  }
},
{
  "model": "problems.testcase",
  "pk": "69bb2a66-7a7f-421c-95b3-c415c9e6774c",
  "fields": {
    "problem": "dc880731-2958-4fee-b484-6a2f16e23ef4",
    "input_data": "6\n5 4 3 2 1 0",
    "expected_output": "1",
    "is_sample": false,
    "order": 4
  }
},
{
  "model": "problems.testcase",
  "pk": "6c638cea-0bac-473c-9371-eafec4ef2aee",
  "fields": {
    "problem": "62d9ce5a-117f-4a51-a00c-372d9766db9e",
    "input_data": "6\n-3 0 5 -1 2 -4",
    "expected_output": "-4 -3 -1 0 2 5",
    "is_sample": false,
    "order": 3
  }
},
{
  "model": "problems.testcase",
  "pk": "6ca97226-6bc0-4567-81cb-f9ca6bd27eb5",
  "fields": {
    "problem": "dc880731-2958-4fee-b484-6a2f16e23ef4",
    "input_data": "5\n0 1 0 3 2",
    "expected_output": "3",
    "is_sample": true,
    "order": 2
  }
},
{
  "model": "problems.testcase",
  "pk": "70a4f30c-e908-4320-b205-7632f82c32c2",
  "fields": {
    "problem": "d644a78f-1ac8-428f-8c88-3cd5167410f2",
    "input_data": "3\n1 2 3",
    "expected_output": "1\n2 3",
    "is_sample": false,
    "order": 2
  }
},
{
  "model": "problems.testcase",
  "pk": "70f7773b-e70a-4c82-97c8-1cd94d912f76",
  "fields": {
    "problem": "cda10abd-d78a-46d9-ad0f-526329cdaffd",
    "input_data": "7\n5 -3 5 -2 5 -3 5",
    "expected_output": "12",
    "is_sample": false,
    "order": 4
  }
},
{
  "model": "problems.testcase",
  "pk": "7253c018-362e-4b02-b0bc-cc73e7706af0",
  "fields": {
    "problem": "bea380d5-2907-4d0a-9e99-3c3031fbf008",
    "input_data": "111111111111111",
    "expected_output": "32767",
    "is_sample": false,
    "order": 4
  }
},
{
  "model": "problems.testcase",
  "pk": "72d0c787-136f-45a5-af53-2612a601fcbc",
  "fields": {
    "problem": "abb94114-2414-48a7-adeb-2d9cc0a9e1b0",
    "input_data": "world",
    "expected_output": "dlrow",
    "is_sample": true,
    "order": 1
  }
},
{
  "model": "problems.testcase",
  "pk": "77a2a503-b94b-419d-8468-20dc2909cfd8",
  "fields": {
    "problem": "d644a78f-1ac8-428f-8c88-3cd5167410f2",
    "input_data": "1\n1",
    "expected_output": "1",
    "is_sample": true,
    "order": 1
  }
},
{
  "model": "problems.testcase",
  "pk": "79a24a44-f955-4581-85c6-1821518f11be",
  "fields": {
    "problem": "52b117ed-d4e7-40fb-b7cb-7fa0cd5e35b8",
    "input_data": "3\n10 20 30",
    "expected_output": "20",
    "is_sample": true,
    "order": 2
  }
},
{
  "model": "problems.testcase",
  "pk": "81e95d9b-4601-4876-8ce4-fe534db35fb8",
  "fields": {
    "problem": "bea380d5-2907-4d0a-9e99-3c3031fbf008",
    "input_data": "1010",
    "expected_output": "10",
    "is_sample": true,
    "order": 1
  }
},
{
  "model": "problems.testcase",
  "pk": "883e1be3-2e19-46f9-899c-afe7b47c4f92",
  "fields": {
    "problem": "0b92df40-767f-4f6f-82da-caabd7ac1f04",
    "input_data": "5\n1 4\n3 5\n0 6\n5 7\n8 9",
    "expected_output": "3",
    "is_sample": false,
    "order": 3
  }
},
{
  "model": "problems.testcase",
  "pk": "88701ee1-ca3a-4a95-bdef-cc7cb3298609",
  "fields": {
    "problem": "715198c5-f54b-4ab9-95d0-27cd8d86cce2",
    "input_data": "AAAAAA\nAA",
    "expected_output": "2",
    "is_sample": false,
    "order": 4
  }
},
{
  "model": "problems.testcase",
  "pk": "8a0c7542-432d-429c-80fc-10bfec64a7e2",
  "fields": {
    "problem": "cda10abd-d78a-46d9-ad0f-526329cdaffd",
    "input_data": "9\n-2 1 -3 4 -1 2 1 -5 4",
    "expected_output": "6",
    "is_sample": true,
    "order": 1
  }
},
{
  "model": "problems.testcase",
  "pk": "8f038860-e175-4651-b923-2ec46896bb8f",
  "fields": {
    "problem": "33a3c3b8-d304-4095-bec3-b9a1dd65ad31",
    "input_data": "1 1\n2 10",
    "expected_output": "0",
    "is_sample": false,
    "order": 4
  }
},
{
  "model": "problems.testcase",
  "pk": "9279b62c-f45d-4917-9457-223f9f04af33",
  "fields": {
    "problem": "6b0cc879-7aff-4275-8f33-a43d812b4495",
    "input_data": "1",
    "expected_output": "1",
    "is_sample": false,
    "order": 2
  }
},
{
  "model": "problems.testcase",
  "pk": "9425a119-4ca4-4e6c-8210-6b4f02b6553a",
  "fields": {
    "problem": "6b0cc879-7aff-4275-8f33-a43d812b4495",
    "input_data": "15",
    "expected_output": "1\n2\nFizz\n4\nBuzz\nFizz\n7\n8\nFizz\nBuzz\n11\nFizz\n13\n14\nFizzBuzz",
    "is_sample": true,
    "order": 1
  }
},
{
  "model": "problems.testcase",
  "pk": "95497531-862a-4092-97b0-0d3ce89ec5d3",
  "fields": {
    "problem": "d3be1963-266c-482f-a673-19f4c8a74f87",
    "input_data": "1\n2\n3",
    "expected_output": "-1",
    "is_sample": true,
    "order": 1
  }
},
{
  "model": "problems.testcase",
  "pk": "978779c7-a2f9-4f4d-908f-989e61e41821",
  "fields": {
    "problem": "f9f18ae7-51be-41e8-be8a-872c18dbc9a2",
    "input_data": "5\n-1 0 3 5 9\n2",
    "expected_output": "-1",
    "is_sample": true,
    "order": 1
  }
},
{
  "model": "problems.testcase",
  "pk": "99173645-5b5d-408a-8bd8-2cf2ce1558e5",
  "fields": {
    "problem": "33a3c3b8-d304-4095-bec3-b9a1dd65ad31",
    "input_data": "3 5\n2 3\n3 4\n1 2",
    "expected_output": "7",
    "is_sample": true,
    "order": 2
  }
},
{
  "model": "problems.testcase",
  "pk": "9ee6f375-26a8-40d0-a35c-285b93ae7df2",
  "fields": {
    "problem": "e491e45b-a0d2-4aec-a53f-2336cf540a4a",
    "input_data": "5\ninsert 5\ninsert 3\ngetMin\nextractMin\ngetMin",
    "expected_output": "3\n3\n5",
    "is_sample": true,
    "order": 0
  }
},
{
  "model": "problems.testcase",
  "pk": "a1a7b86c-ddef-4cc9-91bb-7a8faf2c70c9",
  "fields": {
    "problem": "dc880731-2958-4fee-b484-6a2f16e23ef4",
    "input_data": "1\n7",
    "expected_output": "1",
    "is_sample": false,
    "order": 3
  }
},
{
  "model": "problems.testcase",
  "pk": "a3d28d71-e49f-4384-822d-3233b104a1ce",
  "fields": {
    "problem": "37a98346-d9d4-4493-a069-508d6240508a",
    "input_data": "9999",
    "expected_output": "36",
    "is_sample": true,
    "order": 2
  }
},
{
  "model": "problems.testcase",
  "pk": "a42c90c4-3703-48ca-8d85-4dfbbe8acae9",
  "fields": {
    "problem": "6b0cc879-7aff-4275-8f33-a43d812b4495",
    "input_data": "3",
    "expected_output": "1\n2\nFizz",
    "is_sample": false,
    "order": 3
  }
},
{
  "model": "problems.testcase",
  "pk": "aaec82fe-ecca-4a51-bfb4-00002f4ccbd7",
  "fields": {
    "problem": "abb94114-2414-48a7-adeb-2d9cc0a9e1b0",
    "input_data": "a",
    "expected_output": "a",
    "is_sample": false,
    "order": 2
  }
},
{
  "model": "problems.testcase",
  "pk": "ac440877-e21c-4bbd-8269-ec695b710c8a",
  "fields": {
    "problem": "94b5947e-e574-4251-acb1-2079d96571d8",
    "input_data": "\nabc",
    "expected_output": "3",
    "is_sample": false,
    "order": 5
  }
},
{
  "model": "problems.testcase",
  "pk": "acb983d3-39f9-4658-b81e-5f02b2d7ea32",
  "fields": {
    "problem": "3f8d6054-4568-4305-8674-4c59bdab5f2b",
    "input_data": "3 5",
    "expected_output": "8",
    "is_sample": true,
    "order": 1
  }
},
{
  "model": "problems.testcase",
  "pk": "ad29c642-21ec-4748-91af-047af6942c7e",
  "fields": {
    "problem": "3f8d6054-4568-4305-8674-4c59bdab5f2b",
    "input_data": "10 20",
    "expected_output": "30",
    "is_sample": true,
    "order": 2
  }
},
{
  "model": "problems.testcase",
  "pk": "ae53e78a-0ae5-41d9-a8b1-e40e84c9e429",
  "fields": {
    "problem": "85094062-8063-4b07-b397-a0cf565a9336",
    "input_data": "Triangle\nIntegral",
    "expected_output": "YES",
    "is_sample": false,
    "order": 3
  }
},
{
  "model": "problems.testcase",
  "pk": "ae7b8470-77ef-426d-972a-8da09bd81eba",
  "fields": {
    "problem": "f3197bee-4297-4b8d-a921-9afa30e6393f",
    "input_data": "(]",
    "expected_output": "false",
    "is_sample": true,
    "order": 1
  }
},
{
  "model": "problems.testcase",
  "pk": "b3f97efd-083e-4caf-99da-50ab9b0fc250",
  "fields": {
    "problem": "769353e8-02c6-43cc-8221-5d56f136b2fe",
    "input_data": "2 1\n1 0",
    "expected_output": "1 0",
    "is_sample": false,
    "order": 2
  }
},
{
  "model": "problems.testcase",
  "pk": "b4959650-4aca-4f72-8e91-63af1c6e341c",
  "fields": {
    "problem": "62d9ce5a-117f-4a51-a00c-372d9766db9e",
    "input_data": "1\n42",
    "expected_output": "42",
    "is_sample": false,
    "order": 4
  }
},
{
  "model": "problems.testcase",
  "pk": "b8395864-673c-4d97-b4b4-5d5dfe2c9433",
  "fields": {
    "problem": "d3be1963-266c-482f-a673-19f4c8a74f87",
    "input_data": "1\n1\n0",
    "expected_output": "0",
    "is_sample": false,
    "order": 2
  }
},
{
  "model": "problems.testcase",
  "pk": "bedb9018-9971-40fc-8013-ece3b0cbeabb",
  "fields": {
    "problem": "a3635944-f79c-4916-9ccf-14530111db6c",
    "input_data": "3\n997\n1000\n999999937",
    "expected_output": "PRIME\nNOT PRIME\nPRIME",
    "is_sample": false,
    "order": 3
  }
},
{
  "model": "problems.testcase",
  "pk": "c41de8f2-89b5-4e7c-a032-de1b238e6b19",
  "fields": {
    "problem": "0b92df40-767f-4f6f-82da-caabd7ac1f04",
    "input_data": "4\n1 3\n2 5\n4 7\n1 8",
    "expected_output": "2",
    "is_sample": true,
    "order": 0
  }
},
{
  "model": "problems.testcase",
  "pk": "c5b1b522-f828-49dd-855f-964ecc5fb4ad",
  "fields": {
    "problem": "a3635944-f79c-4916-9ccf-14530111db6c",
    "input_data": "2\n1\n13",
    "expected_output": "NOT PRIME\nPRIME",
    "is_sample": true,
    "order": 2
  }
},
{
  "model": "problems.testcase",
  "pk": "c5eb9bb2-3206-41d3-95f5-e4ac5263037d",
  "fields": {
    "problem": "d3be1963-266c-482f-a673-19f4c8a74f87",
    "input_data": "3\n1 2 5\n11",
    "expected_output": "3",
    "is_sample": true,
    "order": 0
  }
},
{
  "model": "problems.testcase",
  "pk": "c7b5f0fe-8c51-463d-813a-5d0a1c75ccd8",
  "fields": {
    "problem": "52b117ed-d4e7-40fb-b7cb-7fa0cd5e35b8",
    "input_data": "2\n7 3",
    "expected_output": "3",
    "is_sample": false,
    "order": 4
  }
},
{
  "model": "problems.testcase",
  "pk": "c8d16d47-5378-4384-8ea1-697dcdd0f85f",
  "fields": {
    "problem": "f3197bee-4297-4b8d-a921-9afa30e6393f",
    "input_data": "{[]}",
    "expected_output": "true",
    "is_sample": false,
    "order": 2
  }
},
{
  "model": "problems.testcase",
  "pk": "c9bee2b5-b193-4b04-8cc5-9c664ffd33fc",
  "fields": {
    "problem": "f9f18ae7-51be-41e8-be8a-872c18dbc9a2",
    "input_data": "1\n5\n5",
    "expected_output": "0",
    "is_sample": false,
    "order": 2
  }
},
{
  "model": "problems.testcase",
  "pk": "cba7b294-3fca-4eea-8d81-19a6c63f83fc",
  "fields": {
    "problem": "94b5947e-e574-4251-acb1-2079d96571d8",
    "input_data": "intention\nexecution",
    "expected_output": "5",
    "is_sample": true,
    "order": 2
  }
},
{
  "model": "problems.testcase",
  "pk": "cce80dcd-07db-4ea6-a32b-098db955f678",
  "fields": {
    "problem": "838705d1-db03-4bce-a68b-9e1f442985df",
    "input_data": "racecar",
    "expected_output": "racecar",
    "is_sample": false,
    "order": 4
  }
},
{
  "model": "problems.testcase",
  "pk": "cd61a43d-6c5c-4342-8f4a-966a9465f40a",
  "fields": {
    "problem": "2563502d-e4da-4844-a621-d29eb83f2aee",
    "input_data": "Python Programming",
    "expected_output": "4",
    "is_sample": false,
    "order": 3
  }
},
{
  "model": "problems.testcase",
  "pk": "cd7ecfc0-58e7-45cd-830f-a1b5d9a99a3a",
  "fields": {
    "problem": "f3197bee-4297-4b8d-a921-9afa30e6393f",
    "input_data": "()[]{}",
    "expected_output": "true",
    "is_sample": true,
    "order": 0
  }
},
{
  "model": "problems.testcase",
  "pk": "d1e22321-337a-438b-9aa7-67ff427f8417",
  "fields": {
    "problem": "769353e8-02c6-43cc-8221-5d56f136b2fe",
    "input_data": "4 4\n3 0\n3 1\n0 1\n0 2",
    "expected_output": "3 0 1 2",
    "is_sample": true,
    "order": 0
  }
},
{
  "model": "problems.testcase",
  "pk": "d20182c5-2acb-46f2-b06a-efb9f52a8942",
  "fields": {
    "problem": "37a98346-d9d4-4493-a069-508d6240508a",
    "input_data": "1234",
    "expected_output": "10",
    "is_sample": true,
    "order": 1
  }
},
{
  "model": "problems.testcase",
  "pk": "d89dbba6-3d0a-4030-ab2a-e8d723963dfb",
  "fields": {
    "problem": "dc880731-2958-4fee-b484-6a2f16e23ef4",
    "input_data": "8\n10 9 2 5 3 7 101 18",
    "expected_output": "4",
    "is_sample": true,
    "order": 1
  }
},
{
  "model": "problems.testcase",
  "pk": "db773523-98ba-49e6-a074-97f79983802a",
  "fields": {
    "problem": "94b5947e-e574-4251-acb1-2079d96571d8",
    "input_data": "abc\nabc",
    "expected_output": "0",
    "is_sample": false,
    "order": 4
  }
},
{
  "model": "problems.testcase",
  "pk": "dba18138-55f5-4fd6-8947-5cae75ad52da",
  "fields": {
    "problem": "33a3c3b8-d304-4095-bec3-b9a1dd65ad31",
    "input_data": "5 10\n2 6\n2 3\n6 5\n5 4\n4 6",
    "expected_output": "15",
    "is_sample": false,
    "order": 3
  }
},
{
  "model": "problems.testcase",
  "pk": "dd44630c-b6cf-4545-ab37-4d5ca83a5498",
  "fields": {
    "problem": "dc880731-2958-4fee-b484-6a2f16e23ef4",
    "input_data": "7\n1 2 3 4 5 6 7",
    "expected_output": "7",
    "is_sample": false,
    "order": 5
  }
},
{
  "model": "problems.testcase",
  "pk": "dd90944a-2686-44d6-9cc5-706cceb6f7a2",
  "fields": {
    "problem": "715198c5-f54b-4ab9-95d0-27cd8d86cce2",
    "input_data": "ABCDEF\nACE",
    "expected_output": "3",
    "is_sample": false,
    "order": 3
  }
},
{
  "model": "problems.testcase",
  "pk": "ddce3679-f1ac-438d-af78-8bdc106563de",
  "fields": {
    "problem": "0b92df40-767f-4f6f-82da-caabd7ac1f04",
    "input_data": "3\n1 2\n3 4\n5 6",
    "expected_output": "3",
    "is_sample": true,
    "order": 1
  }
},
{
  "model": "problems.testcase",
  "pk": "df379fe1-c13e-44bc-99dc-ea7154aad493",
  "fields": {
    "problem": "718a34d3-bc1d-4d02-bcf1-8bacef195b1c",
    "input_data": "50",
    "expected_output": "12586269025",
    "is_sample": false,
    "order": 4
  }
},
{
  "model": "problems.testcase",
  "pk": "e325c4da-85f8-4069-a5b5-23648845b9d1",
  "fields": {
    "problem": "185058b9-bf58-472e-a23f-d8e1111f0c12",
    "input_data": "4\n1 2 3 4\n4\n5 6 7 8",
    "expected_output": "1 2 3 4 5 6 7 8",
    "is_sample": false,
    "order": 2
  }
},
{
  "model": "problems.testcase",
  "pk": "e524c05b-e9ee-4a3d-9213-edb7e07adf42",
  "fields": {
    "problem": "d406223c-a909-4c8a-9c03-89876d903c0d",
    "input_data": "7\n4 2 7 1 3 6 9",
    "expected_output": "4 7 2 9 6 3 1",
    "is_sample": true,
    "order": 0
  }
},
{
  "model": "problems.testcase",
  "pk": "eac9094f-5e3c-43a5-b618-8379d0a1ac28",
  "fields": {
    "problem": "d3be1963-266c-482f-a673-19f4c8a74f87",
    "input_data": "3\n1 5 10\n27",
    "expected_output": "5",
    "is_sample": false,
    "order": 3
  }
},
{
  "model": "problems.testcase",
  "pk": "ee1a4bc7-5404-406c-a843-ffeb16de5c61",
  "fields": {
    "problem": "f9f18ae7-51be-41e8-be8a-872c18dbc9a2",
    "input_data": "5\n-1 0 3 5 9\n9",
    "expected_output": "4",
    "is_sample": true,
    "order": 0
  }
},
{
  "model": "problems.testcase",
  "pk": "f2b7aa34-0a8a-4572-bedb-4d10b6fcb285",
  "fields": {
    "problem": "79e8808c-dee2-4e14-bb44-330e25693fa3",
    "input_data": "3 3\n0 1\n1 2\n2 0",
    "expected_output": "true",
    "is_sample": true,
    "order": 0
  }
},
{
  "model": "problems.testcase",
  "pk": "f3f674b0-f1bc-4e3e-8bf1-7a60972247d1",
  "fields": {
    "problem": "abb94114-2414-48a7-adeb-2d9cc0a9e1b0",
    "input_data": "racecar",
    "expected_output": "racecar",
    "is_sample": false,
    "order": 3
  }
},
{
  "model": "problems.testcase",
  "pk": "f46bd50b-fd23-4668-aee3-76756dbdbc0b",
  "fields": {
    "problem": "abb94114-2414-48a7-adeb-2d9cc0a9e1b0",
    "input_data": "hello",
    "expected_output": "olleh",
    "is_sample": true,
    "order": 0
  }
},
{
  "model": "problems.testcase",
  "pk": "f6e97405-d17b-41d6-a0ca-79cdcc463b1d",
  "fields": {
    "problem": "6b0cc879-7aff-4275-8f33-a43d812b4495",
    "input_data": "5",
    "expected_output": "1\n2\nFizz\n4\nBuzz",
    "is_sample": true,
    "order": 0
  }
},
{
  "model": "problems.testcase",
  "pk": "f71021bd-8b01-44c3-a9dc-d2b666f1e540",
  "fields": {
    "problem": "2563502d-e4da-4844-a621-d29eb83f2aee",
    "input_data": "bcdfg",
    "expected_output": "0",
    "is_sample": false,
    "order": 4
  }
},
{
  "model": "problems.testcase",
  "pk": "f713131c-35e0-4e73-a59a-36d879e82a25",
  "fields": {
    "problem": "185058b9-bf58-472e-a23f-d8e1111f0c12",
    "input_data": "1\n1\n0\n",
    "expected_output": "1",
    "is_sample": true,
    "order": 1
  }
},
{
  "model": "problems.testcase",
  "pk": "f8a7abc4-3a81-4cd2-a602-b1493f8d3933",
  "fields": {
    "problem": "d406223c-a909-4c8a-9c03-89876d903c0d",
    "input_data": "3\n2 1 3",
    "expected_output": "2 3 1",
    "is_sample": true,
    "order": 1
  }
},
{
  "model": "problems.testcase",
  "pk": "fbf88db5-9569-4ffe-900f-4769b20963c9",
  "fields": {
    "problem": "7e6f811b-508b-492c-a86b-a3777574b04a",
    "input_data": "4 4\n0 1\n1 2\n2 3\n0 3",
    "expected_output": "1",
    "is_sample": true,
    "order": 0
  }
},
{
  "model": "problems.testcase",
  "pk": "fe6fedb7-00f8-45b2-9f83-6e5ba5d334c7",
  "fields": {
    "problem": "62d9ce5a-117f-4a51-a00c-372d9766db9e",
    "input_data": "5\n3 1 4 1 5",
    "expected_output": "1 1 3 4 5",
    "is_sample": true,
    "order": 1
  }
},
{
  "model": "submissions.submission",
  "pk": "011535d1-7c99-47b5-8249-6c03221b0c11",
  "fields": {
    "user": [
      "satyaprakash9923@gmail.com"
    ],
    "problem": "3f8d6054-4568-4305-8674-4c59bdab5f2b",
    "contest": null,
    "language": "python",
    "code": "a, b = map(int, input().split())\nprint(a + b)",
    "status": "accepted",
    "execution_time_ms": 47,
    "memory_used_kb": 0,
    "test_cases_passed": 3,
    "total_test_cases": 3,
    "error_output": "",
    "submitted_at": "2026-02-21T16:44:54.036Z",
    "judged_at": "2026-02-21T16:44:54.220Z"
  }
},
{
  "model": "submissions.submission",
  "pk": "0115c8c9-f1d6-437d-bc37-1e9d7f7e93c7",
  "fields": {
    "user": [
      "satyaprakash9923@gmail.com"
    ],
    "problem": "3f8d6054-4568-4305-8674-4c59bdab5f2b",
    "contest": "1c6fe413-38da-4969-9760-aa3613e48c70",
    "language": "javascript",
    "code": "// Write your solution here\n\nfunction solution() {\n    // your code\n}",
    "status": "wrong_answer",
    "execution_time_ms": 101,
    "memory_used_kb": 0,
    "test_cases_passed": 0,
    "total_test_cases": 3,
    "error_output": "",
    "submitted_at": "2026-02-22T02:24:57.165Z",
    "judged_at": "2026-02-22T02:24:57.377Z"
  }
},
{
  "model": "submissions.submission",
  "pk": "02510977-af91-402e-b4b5-dfb632556dd3",
  "fields": {
    "user": [
      "satyaprakash9923@gmail.com"
    ],
    "problem": "f60c7f32-a8c6-4958-a954-44601a6a3d2a",
    "contest": null,
    "language": "python",
    "code": "# Write your solution here\n\ndef solution():\n    pass",
    "status": "wrong_answer",
    "execution_time_ms": 90,
    "memory_used_kb": 0,
    "test_cases_passed": 0,
    "total_test_cases": 2,
    "error_output": "",
    "submitted_at": "2026-02-22T02:32:58.620Z",
    "judged_at": "2026-02-22T02:32:58.804Z"
  }
},
{
  "model": "submissions.submission",
  "pk": "044ab18a-0ae6-4685-9409-2495ffae01fc",
  "fields": {
    "user": [
      "satyaprakash9923@gmail.com"
    ],
    "problem": "3f8d6054-4568-4305-8674-4c59bdab5f2b",
    "contest": "1c6fe413-38da-4969-9760-aa3613e48c70",
    "language": "python",
    "code": "# Write your solution here\n\ndef solution():\n    pass",
    "status": "wrong_answer",
    "execution_time_ms": 95,
    "memory_used_kb": 0,
    "test_cases_passed": 0,
    "total_test_cases": 3,
    "error_output": "",
    "submitted_at": "2026-02-22T04:33:55.767Z",
    "judged_at": "2026-02-22T04:33:55.904Z"
  }
},
{
  "model": "submissions.submission",
  "pk": "05a91723-14ef-4745-bc4c-51bc25ea1f38",
  "fields": {
    "user": [
      "satyaprakash9923@gmail.com"
    ],
    "problem": "3f8d6054-4568-4305-8674-4c59bdab5f2b",
    "contest": "1c6fe413-38da-4969-9760-aa3613e48c70",
    "language": "python",
    "code": "# Write your solution here\n\ndef solution():\n    pass",
    "status": "wrong_answer",
    "execution_time_ms": 72,
    "memory_used_kb": 0,
    "test_cases_passed": 0,
    "total_test_cases": 3,
    "error_output": "",
    "submitted_at": "2026-02-22T04:31:58.751Z",
    "judged_at": "2026-02-22T04:31:58.860Z"
  }
},
{
  "model": "submissions.submission",
  "pk": "0824752c-d888-42f4-9f13-a496314d02bf",
  "fields": {
    "user": [
      "satyaprakash9923@gmail.com"
    ],
    "problem": "79e8808c-dee2-4e14-bb44-330e25693fa3",
    "contest": null,
    "language": "python",
    "code": "# Write your solution here\n\ndef solution():\n    pass",
    "status": "wrong_answer",
    "execution_time_ms": 89,
    "memory_used_kb": 0,
    "test_cases_passed": 0,
    "total_test_cases": 3,
    "error_output": "",
    "submitted_at": "2026-02-22T02:37:33.609Z",
    "judged_at": "2026-02-22T02:37:33.785Z"
  }
},
{
  "model": "submissions.submission",
  "pk": "0ab823a2-d9da-453a-8c1d-23c0257090a6",
  "fields": {
    "user": [
      "satyaprakash9923@gmail.com"
    ],
    "problem": "abb94114-2414-48a7-adeb-2d9cc0a9e1b0",
    "contest": "1c6fe413-38da-4969-9760-aa3613e48c70",
    "language": "python",
    "code": "# Write your solution here\n\ndef solution():\n    pass",
    "status": "wrong_answer",
    "execution_time_ms": 108,
    "memory_used_kb": 0,
    "test_cases_passed": 0,
    "total_test_cases": 4,
    "error_output": "",
    "submitted_at": "2026-02-22T04:32:29.089Z",
    "judged_at": "2026-02-22T04:32:29.285Z"
  }
},
{
  "model": "submissions.submission",
  "pk": "1096e82c-eac4-4d4a-ac9e-26fa3c152502",
  "fields": {
    "user": [
      "satyaprakash9923@gmail.com"
    ],
    "problem": "abb94114-2414-48a7-adeb-2d9cc0a9e1b0",
    "contest": null,
    "language": "python",
    "code": "# Write your solution here\n\ndef solution():\n    pass",
    "status": "wrong_answer",
    "execution_time_ms": 109,
    "memory_used_kb": 0,
    "test_cases_passed": 0,
    "total_test_cases": 4,
    "error_output": "",
    "submitted_at": "2026-02-22T02:29:03.970Z",
    "judged_at": "2026-02-22T02:29:04.129Z"
  }
},
{
  "model": "submissions.submission",
  "pk": "199f9682-712b-48df-b553-dcfe40d2f41f",
  "fields": {
    "user": [
      "satyaprakash9923@gmail.com"
    ],
    "problem": "abb94114-2414-48a7-adeb-2d9cc0a9e1b0",
    "contest": null,
    "language": "python",
    "code": "# Write your solution here\n\ndef solution():\n    pass",
    "status": "wrong_answer",
    "execution_time_ms": 79,
    "memory_used_kb": 0,
    "test_cases_passed": 0,
    "total_test_cases": 4,
    "error_output": "",
    "submitted_at": "2026-02-22T02:29:36.903Z",
    "judged_at": "2026-02-22T02:29:37.031Z"
  }
},
{
  "model": "submissions.submission",
  "pk": "1c3bc658-b480-4018-96da-c4e775a9aa6f",
  "fields": {
    "user": [
      "satyaprakash9923@gmail.com"
    ],
    "problem": "347bede8-9f30-4a21-9702-bbccf845b5b9",
    "contest": "1c6fe413-38da-4969-9760-aa3613e48c70",
    "language": "python",
    "code": "# Write your solution here\n\ndef solution():\n    pass",
    "status": "wrong_answer",
    "execution_time_ms": 63,
    "memory_used_kb": 0,
    "test_cases_passed": 0,
    "total_test_cases": 5,
    "error_output": "",
    "submitted_at": "2026-02-22T04:24:03.188Z",
    "judged_at": "2026-02-22T04:24:03.761Z"
  }
},
{
  "model": "submissions.submission",
  "pk": "1c41ec47-8ceb-4bbd-ab37-a4198fb714eb",
  "fields": {
    "user": [
      "satyaprakash9923@gmail.com"
    ],
    "problem": "3f8d6054-4568-4305-8674-4c59bdab5f2b",
    "contest": "1c6fe413-38da-4969-9760-aa3613e48c70",
    "language": "python",
    "code": "# Write your solution here\n\ndef solution():\n    pass",
    "status": "wrong_answer",
    "execution_time_ms": 35,
    "memory_used_kb": 0,
    "test_cases_passed": 0,
    "total_test_cases": 3,
    "error_output": "",
    "submitted_at": "2026-02-22T03:40:18.302Z",
    "judged_at": "2026-02-22T03:40:18.476Z"
  }
},
{
  "model": "submissions.submission",
  "pk": "22346ac6-6a94-4676-822d-551442f09214",
  "fields": {
    "user": [
      "satyaprakash9923@gmail.com"
    ],
    "problem": "3f8d6054-4568-4305-8674-4c59bdab5f2b",
    "contest": null,
    "language": "python",
    "code": "a, b = map(int, input().split())\nprint(a + b)",
    "status": "accepted",
    "execution_time_ms": 52,
    "memory_used_kb": 0,
    "test_cases_passed": 3,
    "total_test_cases": 3,
    "error_output": "",
    "submitted_at": "2026-02-21T16:54:45.598Z",
    "judged_at": "2026-02-21T16:54:45.797Z"
  }
},
{
  "model": "submissions.submission",
  "pk": "22b26798-b96e-4330-aaad-b2722ff553eb",
  "fields": {
    "user": [
      "satyaprakash9923@gmail.com"
    ],
    "problem": "3f8d6054-4568-4305-8674-4c59bdab5f2b",
    "contest": "1c6fe413-38da-4969-9760-aa3613e48c70",
    "language": "python",
    "code": "# Write your solution here\n\ndef solution():\n    pass",
    "status": "wrong_answer",
    "execution_time_ms": 117,
    "memory_used_kb": 0,
    "test_cases_passed": 0,
    "total_test_cases": 3,
    "error_output": "",
    "submitted_at": "2026-02-22T04:18:44.544Z",
    "judged_at": "2026-02-22T04:18:44.711Z"
  }
},
{
  "model": "submissions.submission",
  "pk": "22cd46dd-6a79-40b3-8cc9-84cb2338c8dc",
  "fields": {
    "user": [
      "satyaprakash9923@gmail.com"
    ],
    "problem": "3f8d6054-4568-4305-8674-4c59bdab5f2b",
    "contest": null,
    "language": "python",
    "code": "# Write your solution here\n\nprint(\"hello world\")",
    "status": "wrong_answer",
    "execution_time_ms": 56,
    "memory_used_kb": 0,
    "test_cases_passed": 0,
    "total_test_cases": 3,
    "error_output": "",
    "submitted_at": "2026-02-21T16:32:17.644Z",
    "judged_at": "2026-02-21T16:32:17.744Z"
  }
},
{
  "model": "submissions.submission",
  "pk": "23864bdb-38ca-42bb-bf75-ddefa5d7900d",
  "fields": {
    "user": [
      "satyaprakash9923@gmail.com"
    ],
    "problem": "79e8808c-dee2-4e14-bb44-330e25693fa3",
    "contest": null,
    "language": "python",
    "code": "# Write your solution here\n\ndef solution():\n    pass",
    "status": "wrong_answer",
    "execution_time_ms": 109,
    "memory_used_kb": 0,
    "test_cases_passed": 0,
    "total_test_cases": 3,
    "error_output": "",
    "submitted_at": "2026-02-22T02:37:20.980Z",
    "judged_at": "2026-02-22T02:37:21.157Z"
  }
},
{
  "model": "submissions.submission",
  "pk": "25662095-13e4-43e8-a23e-aa675d5bb0d2",
  "fields": {
    "user": [
      "satyaprakash9923@gmail.com"
    ],
    "problem": "3f8d6054-4568-4305-8674-4c59bdab5f2b",
    "contest": "1c6fe413-38da-4969-9760-aa3613e48c70",
    "language": "java",
    "code": "// Write your solution here\nimport java.util.*;\n\npublic class Solution {\n    public static void main(String[] args) {\n        // your code\n    }\n}",
    "status": "wrong_answer",
    "execution_time_ms": 112,
    "memory_used_kb": 0,
    "test_cases_passed": 0,
    "total_test_cases": 3,
    "error_output": "",
    "submitted_at": "2026-02-22T02:24:41.451Z",
    "judged_at": "2026-02-22T02:24:42.639Z"
  }
},
{
  "model": "submissions.submission",
  "pk": "29a03b58-5d5e-4b9f-b5b8-b34c60136dc7",
  "fields": {
    "user": [
      "mandlesh2005@gmail.com"
    ],
    "problem": "838705d1-db03-4bce-a68b-9e1f442985df",
    "contest": null,
    "language": "python",
    "code": "# Read the input string\nS = input().strip()\n\n# Reverse the string using slicing\nreversed_string = S[::-1]\n\n# Print the reversed string\nprint(reversed_string)",
    "status": "accepted",
    "execution_time_ms": 43,
    "memory_used_kb": 0,
    "test_cases_passed": 4,
    "total_test_cases": 4,
    "error_output": "",
    "submitted_at": "2026-02-21T22:55:31.578Z",
    "judged_at": "2026-02-21T22:55:31.771Z"
  }
},
{
  "model": "submissions.submission",
  "pk": "2c44fc18-8ed9-4aa3-8aaf-b06b26c0c8c5",
  "fields": {
    "user": [
      "mandlesh2005@gmail.com"
    ],
    "problem": "3f8d6054-4568-4305-8674-4c59bdab5f2b",
    "contest": "1c6fe413-38da-4969-9760-aa3613e48c70",
    "language": "python",
    "code": "# Write your solution here\n\ndef solution():\n    pass",
    "status": "wrong_answer",
    "execution_time_ms": 49,
    "memory_used_kb": 0,
    "test_cases_passed": 0,
    "total_test_cases": 3,
    "error_output": "",
    "submitted_at": "2026-02-22T07:05:42.121Z",
    "judged_at": "2026-02-22T07:05:42.321Z"
  }
},
{
  "model": "submissions.submission",
  "pk": "2cb290fe-97a0-4f02-a19d-dd0000002279",
  "fields": {
    "user": [
      "satyaprakash9923@gmail.com"
    ],
    "problem": "3f8d6054-4568-4305-8674-4c59bdab5f2b",
    "contest": "1c6fe413-38da-4969-9760-aa3613e48c70",
    "language": "python",
    "code": "# Write your solution here\n\ndef solution():\n    pass",
    "status": "wrong_answer",
    "execution_time_ms": 73,
    "memory_used_kb": 0,
    "test_cases_passed": 0,
    "total_test_cases": 3,
    "error_output": "",
    "submitted_at": "2026-02-22T02:23:12.494Z",
    "judged_at": "2026-02-22T02:23:12.608Z"
  }
},
{
  "model": "submissions.submission",
  "pk": "2d6fc2c5-bd27-4f2d-8904-356e9c46a1a0",
  "fields": {
    "user": [
      "admin123@gmail.com"
    ],
    "problem": "3f8d6054-4568-4305-8674-4c59bdab5f2b",
    "contest": null,
    "language": "python",
    "code": "a, b = map(int, input().split())\nprint(a + b)",
    "status": "pending",
    "execution_time_ms": null,
    "memory_used_kb": null,
    "test_cases_passed": 0,
    "total_test_cases": 0,
    "error_output": "",
    "submitted_at": "2026-02-21T15:00:06.802Z",
    "judged_at": null
  }
},
{
  "model": "submissions.submission",
  "pk": "2fef7c44-0fc3-4051-a6fd-cfce1bb6bcdd",
  "fields": {
    "user": [
      "mandlesh2005@gmail.com"
    ],
    "problem": "3f8d6054-4568-4305-8674-4c59bdab5f2b",
    "contest": null,
    "language": "python",
    "code": "# Read two integers from input\na, b = map(int, input().split())\n\n# Print their sum\nprint(a + b)",
    "status": "accepted",
    "execution_time_ms": 40,
    "memory_used_kb": 0,
    "test_cases_passed": 3,
    "total_test_cases": 3,
    "error_output": "",
    "submitted_at": "2026-02-21T22:53:52.186Z",
    "judged_at": "2026-02-21T22:53:52.521Z"
  }
},
{
  "model": "submissions.submission",
  "pk": "3460a4d1-7802-4c09-b08b-ad6aac125bc9",
  "fields": {
    "user": [
      "satyaprakash9923@gmail.com"
    ],
    "problem": "abb94114-2414-48a7-adeb-2d9cc0a9e1b0",
    "contest": null,
    "language": "python",
    "code": "# Write your solution here\n\ndef solution():\n    pass",
    "status": "wrong_answer",
    "execution_time_ms": 73,
    "memory_used_kb": 0,
    "test_cases_passed": 0,
    "total_test_cases": 4,
    "error_output": "",
    "submitted_at": "2026-02-22T02:29:41.824Z",
    "judged_at": "2026-02-22T02:29:41.933Z"
  }
},
{
  "model": "submissions.submission",
  "pk": "39a12bbf-1ab9-4e1f-8394-5475da88eeee",
  "fields": {
    "user": [
      "satyaprakash9923@gmail.com"
    ],
    "problem": "3f8d6054-4568-4305-8674-4c59bdab5f2b",
    "contest": null,
    "language": "python",
    "code": "# Write your solution here\n\nprint(\"hello world\")",
    "status": "wrong_answer",
    "execution_time_ms": 477,
    "memory_used_kb": 0,
    "test_cases_passed": 0,
    "total_test_cases": 3,
    "error_output": "",
    "submitted_at": "2026-02-21T16:27:40.841Z",
    "judged_at": "2026-02-21T16:27:42.433Z"
  }
},
{
  "model": "submissions.submission",
  "pk": "4592e961-32e4-4728-a60c-395370a40d94",
  "fields": {
    "user": [
      "satyaprakash9923@gmail.com"
    ],
    "problem": "abb94114-2414-48a7-adeb-2d9cc0a9e1b0",
    "contest": "1c6fe413-38da-4969-9760-aa3613e48c70",
    "language": "python",
    "code": "# Write your solution here\n\ndef solution():\n    pass",
    "status": "wrong_answer",
    "execution_time_ms": 83,
    "memory_used_kb": 0,
    "test_cases_passed": 0,
    "total_test_cases": 4,
    "error_output": "",
    "submitted_at": "2026-02-22T04:32:08.002Z",
    "judged_at": "2026-02-22T04:32:08.162Z"
  }
},
{
  "model": "submissions.submission",
  "pk": "5914fad5-8cb3-47b2-96f6-9cfdf93ca849",
  "fields": {
    "user": [
      "satyaprakash9923@gmail.com"
    ],
    "problem": "7e6f811b-508b-492c-a86b-a3777574b04a",
    "contest": "e1315a9c-da53-4453-b205-6ac5b71ef293",
    "language": "python",
    "code": "# Write your solution here\n\ndef solution():\n    pass",
    "status": "wrong_answer",
    "execution_time_ms": 148,
    "memory_used_kb": 0,
    "test_cases_passed": 0,
    "total_test_cases": 3,
    "error_output": "",
    "submitted_at": "2026-02-22T02:45:04.790Z",
    "judged_at": "2026-02-22T02:45:05.066Z"
  }
},
{
  "model": "submissions.submission",
  "pk": "644d6b36-f000-441b-b197-4a4b72efec61",
  "fields": {
    "user": [
      "satyaprakash9923@gmail.com"
    ],
    "problem": "3f8d6054-4568-4305-8674-4c59bdab5f2b",
    "contest": null,
    "language": "python",
    "code": "a, b = map(int, input().split())\nprint(a + b)",
    "status": "accepted",
    "execution_time_ms": 86,
    "memory_used_kb": 0,
    "test_cases_passed": 3,
    "total_test_cases": 3,
    "error_output": "",
    "submitted_at": "2026-02-21T18:04:54.359Z",
    "judged_at": "2026-02-21T18:04:54.660Z"
  }
},
{
  "model": "submissions.submission",
  "pk": "65eaf212-bb65-4ca1-931b-6f9325d76b5b",
  "fields": {
    "user": [
      "satyaprakash9923@gmail.com"
    ],
    "problem": "3f8d6054-4568-4305-8674-4c59bdab5f2b",
    "contest": null,
    "language": "python",
    "code": "# Write your solution here\n\ndef solution():\n    pass",
    "status": "wrong_answer",
    "execution_time_ms": 785,
    "memory_used_kb": 0,
    "test_cases_passed": 0,
    "total_test_cases": 3,
    "error_output": "",
    "submitted_at": "2026-02-21T16:31:46.836Z",
    "judged_at": "2026-02-21T16:31:47.660Z"
  }
},
{
  "model": "submissions.submission",
  "pk": "6cae77f1-b1b7-483c-9d03-1cc6457e6115",
  "fields": {
    "user": [
      "mandlesh2005@gmail.com"
    ],
    "problem": "3f8d6054-4568-4305-8674-4c59bdab5f2b",
    "contest": "1c6fe413-38da-4969-9760-aa3613e48c70",
    "language": "python",
    "code": "# Write your solution here\n\ndef solution():\n    pass",
    "status": "wrong_answer",
    "execution_time_ms": 38,
    "memory_used_kb": 0,
    "test_cases_passed": 0,
    "total_test_cases": 3,
    "error_output": "",
    "submitted_at": "2026-02-22T07:03:45.982Z",
    "judged_at": "2026-02-22T07:03:46.298Z"
  }
},
{
  "model": "submissions.submission",
  "pk": "6dd5b275-964c-4250-be92-b0e5c74c15e8",
  "fields": {
    "user": [
      "admin123@gmail.com"
    ],
    "problem": "3f8d6054-4568-4305-8674-4c59bdab5f2b",
    "contest": null,
    "language": "python",
    "code": "a, b = map(int, input().split())\nprint(a - b)",
    "status": "wrong_answer",
    "execution_time_ms": 82,
    "memory_used_kb": 0,
    "test_cases_passed": 0,
    "total_test_cases": 3,
    "error_output": "",
    "submitted_at": "2026-02-21T15:03:01.015Z",
    "judged_at": "2026-02-21T15:03:01.149Z"
  }
},
{
  "model": "submissions.submission",
  "pk": "6ef22550-3fe6-41dc-8a03-1425e08b555e",
  "fields": {
    "user": [
      "satyaprakash9923@gmail.com"
    ],
    "problem": "3f8d6054-4568-4305-8674-4c59bdab5f2b",
    "contest": "1c6fe413-38da-4969-9760-aa3613e48c70",
    "language": "python",
    "code": "# Write your solution here\n\ndef solution():\n    pass",
    "status": "wrong_answer",
    "execution_time_ms": 99,
    "memory_used_kb": 0,
    "test_cases_passed": 0,
    "total_test_cases": 3,
    "error_output": "",
    "submitted_at": "2026-02-22T04:39:56.510Z",
    "judged_at": "2026-02-22T04:39:57.032Z"
  }
},
{
  "model": "submissions.submission",
  "pk": "77fb0bd7-3f06-4d0a-be93-54099871b2e3",
  "fields": {
    "user": [
      "satyaprakash9923@gmail.com"
    ],
    "problem": "715198c5-f54b-4ab9-95d0-27cd8d86cce2",
    "contest": "e1315a9c-da53-4453-b205-6ac5b71ef293",
    "language": "python",
    "code": "# Write your solution here\n\ndef solution():\n    pass",
    "status": "wrong_answer",
    "execution_time_ms": 82,
    "memory_used_kb": 0,
    "test_cases_passed": 0,
    "total_test_cases": 4,
    "error_output": "",
    "submitted_at": "2026-02-22T02:54:11.611Z",
    "judged_at": "2026-02-22T02:54:11.730Z"
  }
},
{
  "model": "submissions.submission",
  "pk": "84ab3ec1-3d07-40ed-9b3d-b17b8ebd3c01",
  "fields": {
    "user": [
      "satyaprakash9923@gmail.com"
    ],
    "problem": "347bede8-9f30-4a21-9702-bbccf845b5b9",
    "contest": "1c6fe413-38da-4969-9760-aa3613e48c70",
    "language": "python",
    "code": "# Write your solution here\n\ndef solution():\n    pass",
    "status": "wrong_answer",
    "execution_time_ms": 107,
    "memory_used_kb": 0,
    "test_cases_passed": 0,
    "total_test_cases": 5,
    "error_output": "",
    "submitted_at": "2026-02-22T04:17:07.943Z",
    "judged_at": "2026-02-22T04:17:08.144Z"
  }
},
{
  "model": "submissions.submission",
  "pk": "8dd4b106-288c-4287-af74-f1bba6228c2c",
  "fields": {
    "user": [
      "satyaprakash9923@gmail.com"
    ],
    "problem": "3f8d6054-4568-4305-8674-4c59bdab5f2b",
    "contest": null,
    "language": "python",
    "code": "name = input(\"Enter your name: \")\nprint(\"Hello\", name)",
    "status": "wrong_answer",
    "execution_time_ms": 281,
    "memory_used_kb": 0,
    "test_cases_passed": 0,
    "total_test_cases": 3,
    "error_output": "",
    "submitted_at": "2026-02-21T16:29:36.575Z",
    "judged_at": "2026-02-21T16:29:36.899Z"
  }
},
{
  "model": "submissions.submission",
  "pk": "8e6fdb84-fac2-449f-8dee-040b85aa9a8f",
  "fields": {
    "user": [
      "satyaprakash9923@gmail.com"
    ],
    "problem": "3f8d6054-4568-4305-8674-4c59bdab5f2b",
    "contest": "1c6fe413-38da-4969-9760-aa3613e48c70",
    "language": "cpp",
    "code": "// Write your solution here\n#include <bits/stdc++.h>\nusing namespace std;\n\nint main() {\n    // your code\n    return 0;\n}",
    "status": "runtime_error",
    "execution_time_ms": 0,
    "memory_used_kb": 0,
    "test_cases_passed": 0,
    "total_test_cases": 3,
    "error_output": "Compiler/interpreter 'g++' not found. Install it to run cpp code.",
    "submitted_at": "2026-02-22T02:24:14.539Z",
    "judged_at": "2026-02-22T02:24:14.706Z"
  }
},
{
  "model": "submissions.submission",
  "pk": "94fc9a81-5bc7-4c6f-803d-fc2558094f77",
  "fields": {
    "user": [
      "satyaprakash9923@gmail.com"
    ],
    "problem": "3f8d6054-4568-4305-8674-4c59bdab5f2b",
    "contest": null,
    "language": "python",
    "code": "# Write your solution here\n\na, b = map(int, input().split())\nprint(a + b)",
    "status": "accepted",
    "execution_time_ms": 88,
    "memory_used_kb": 0,
    "test_cases_passed": 3,
    "total_test_cases": 3,
    "error_output": "",
    "submitted_at": "2026-02-21T16:44:05.297Z",
    "judged_at": "2026-02-21T16:44:05.526Z"
  }
},
{
  "model": "submissions.submission",
  "pk": "a2250d74-32c5-43a0-85c8-402b5e9b2c55",
  "fields": {
    "user": [
      "satyaprakash9923@gmail.com"
    ],
    "problem": "3f8d6054-4568-4305-8674-4c59bdab5f2b",
    "contest": "1c6fe413-38da-4969-9760-aa3613e48c70",
    "language": "python",
    "code": "# Write your solution here\n\ndef solution():\n    pass",
    "status": "wrong_answer",
    "execution_time_ms": 82,
    "memory_used_kb": 0,
    "test_cases_passed": 0,
    "total_test_cases": 3,
    "error_output": "",
    "submitted_at": "2026-02-22T04:31:36.956Z",
    "judged_at": "2026-02-22T04:31:37.392Z"
  }
},
{
  "model": "submissions.submission",
  "pk": "ab9a064a-094f-40fa-8259-eb40859cf4ff",
  "fields": {
    "user": [
      "satyaprakash9923@gmail.com"
    ],
    "problem": "abb94114-2414-48a7-adeb-2d9cc0a9e1b0",
    "contest": "1c6fe413-38da-4969-9760-aa3613e48c70",
    "language": "python",
    "code": "# Write your solution here\n\ndef solution():\n    pass",
    "status": "wrong_answer",
    "execution_time_ms": 95,
    "memory_used_kb": 0,
    "test_cases_passed": 0,
    "total_test_cases": 4,
    "error_output": "",
    "submitted_at": "2026-02-22T04:34:41.306Z",
    "judged_at": "2026-02-22T04:34:41.586Z"
  }
},
{
  "model": "submissions.submission",
  "pk": "ade025c0-ad67-455d-b46b-a2d13ed48929",
  "fields": {
    "user": [
      "satyaprakash9923@gmail.com"
    ],
    "problem": "6b0cc879-7aff-4275-8f33-a43d812b4495",
    "contest": "1c6fe413-38da-4969-9760-aa3613e48c70",
    "language": "python",
    "code": "# Write your solution here\n\ndef solution():\n    pass",
    "status": "wrong_answer",
    "execution_time_ms": 110,
    "memory_used_kb": 0,
    "test_cases_passed": 0,
    "total_test_cases": 4,
    "error_output": "",
    "submitted_at": "2026-02-22T04:17:24.952Z",
    "judged_at": "2026-02-22T04:17:25.122Z"
  }
},
{
  "model": "submissions.submission",
  "pk": "bd3338d5-6164-4885-8122-b2963ab3761c",
  "fields": {
    "user": [
      "admin123@gmail.com"
    ],
    "problem": "3f8d6054-4568-4305-8674-4c59bdab5f2b",
    "contest": null,
    "language": "python",
    "code": "a, b = map(int, input().split())\nprint(a + b)",
    "status": "pending",
    "execution_time_ms": null,
    "memory_used_kb": null,
    "test_cases_passed": 0,
    "total_test_cases": 0,
    "error_output": "",
    "submitted_at": "2026-02-21T15:00:22.187Z",
    "judged_at": null
  }
},
{
  "model": "submissions.submission",
  "pk": "bdaea2e6-2326-4be7-8ae0-e9dc2c7b3f2b",
  "fields": {
    "user": [
      "satyaprakash9923@gmail.com"
    ],
    "problem": "3f8d6054-4568-4305-8674-4c59bdab5f2b",
    "contest": null,
    "language": "python",
    "code": "# Write your solution here\na, b = map(int, input().split())\nprint(a + b)",
    "status": "accepted",
    "execution_time_ms": 105,
    "memory_used_kb": 0,
    "test_cases_passed": 3,
    "total_test_cases": 3,
    "error_output": "",
    "submitted_at": "2026-02-21T18:08:42.987Z",
    "judged_at": "2026-02-21T18:08:43.352Z"
  }
},
{
  "model": "submissions.submission",
  "pk": "c183ece3-59d4-4dcf-a686-5d251badff33",
  "fields": {
    "user": [
      "mandlesh2005@gmail.com"
    ],
    "problem": "838705d1-db03-4bce-a68b-9e1f442985df",
    "contest": null,
    "language": "python",
    "code": "# Read the input string\nS = input().strip()\n\n# Reverse the string using slicing\nreversed_string = S[::-1]\n\n# Print the reversed string\nprint(reversed_string)",
    "status": "accepted",
    "execution_time_ms": 45,
    "memory_used_kb": 0,
    "test_cases_passed": 4,
    "total_test_cases": 4,
    "error_output": "",
    "submitted_at": "2026-02-21T22:55:36.336Z",
    "judged_at": "2026-02-21T22:55:36.532Z"
  }
},
{
  "model": "submissions.submission",
  "pk": "c762e507-8d9a-4a3c-ba42-3c26c77451f9",
  "fields": {
    "user": [
      "satyaprakash9923@gmail.com"
    ],
    "problem": "79e8808c-dee2-4e14-bb44-330e25693fa3",
    "contest": null,
    "language": "python",
    "code": "# Write your solution here\n\ndef solution():\n    pass",
    "status": "wrong_answer",
    "execution_time_ms": 87,
    "memory_used_kb": 0,
    "test_cases_passed": 0,
    "total_test_cases": 3,
    "error_output": "",
    "submitted_at": "2026-02-22T02:37:23.984Z",
    "judged_at": "2026-02-22T02:37:24.168Z"
  }
},
{
  "model": "submissions.submission",
  "pk": "cf99af2e-8be2-41ba-8dde-d9bc9d791378",
  "fields": {
    "user": [
      "satyaprakash9923@gmail.com"
    ],
    "problem": "347bede8-9f30-4a21-9702-bbccf845b5b9",
    "contest": "1c6fe413-38da-4969-9760-aa3613e48c70",
    "language": "python",
    "code": "# Write your solution here\n\ndef solution():\n    pass",
    "status": "wrong_answer",
    "execution_time_ms": 123,
    "memory_used_kb": 0,
    "test_cases_passed": 0,
    "total_test_cases": 5,
    "error_output": "",
    "submitted_at": "2026-02-22T04:24:18.930Z",
    "judged_at": "2026-02-22T04:24:19.096Z"
  }
},
{
  "model": "submissions.submission",
  "pk": "d08ff97a-d253-45e4-a3f3-4ff610265df0",
  "fields": {
    "user": [
      "satyaprakash9923@gmail.com"
    ],
    "problem": "3f8d6054-4568-4305-8674-4c59bdab5f2b",
    "contest": null,
    "language": "python",
    "code": "# Write your solution here\n\nprint(\"Hello, World!\")",
    "status": "wrong_answer",
    "execution_time_ms": 50,
    "memory_used_kb": 0,
    "test_cases_passed": 0,
    "total_test_cases": 3,
    "error_output": "",
    "submitted_at": "2026-02-21T16:41:29.554Z",
    "judged_at": "2026-02-21T16:41:29.660Z"
  }
},
{
  "model": "submissions.submission",
  "pk": "d154f5ef-cffb-44ef-b370-07723ec3031c",
  "fields": {
    "user": [
      "admin123@gmail.com"
    ],
    "problem": "3f8d6054-4568-4305-8674-4c59bdab5f2b",
    "contest": null,
    "language": "python",
    "code": "a, b = map(int, input().split())\nprint(a + b)",
    "status": "pending",
    "execution_time_ms": null,
    "memory_used_kb": null,
    "test_cases_passed": 0,
    "total_test_cases": 0,
    "error_output": "",
    "submitted_at": "2026-02-21T14:58:58.092Z",
    "judged_at": null
  }
},
{
  "model": "submissions.submission",
  "pk": "d2e1e6d8-015b-4e8c-9459-6ac25892ebd1",
  "fields": {
    "user": [
      "abhi123@gmail.com"
    ],
    "problem": "3f8d6054-4568-4305-8674-4c59bdab5f2b",
    "contest": null,
    "language": "python",
    "code": "# Write your solution here\na, b = map(int, input().split())\nprint(a + b)",
    "status": "accepted",
    "execution_time_ms": 156,
    "memory_used_kb": 0,
    "test_cases_passed": 3,
    "total_test_cases": 3,
    "error_output": "",
    "submitted_at": "2026-02-21T23:49:08.916Z",
    "judged_at": "2026-02-21T23:49:09.807Z"
  }
},
{
  "model": "submissions.submission",
  "pk": "d6b6526c-bd7d-4d25-890d-420cc4b6cf8b",
  "fields": {
    "user": [
      "satyaprakash9923@gmail.com"
    ],
    "problem": "3f8d6054-4568-4305-8674-4c59bdab5f2b",
    "contest": "1c6fe413-38da-4969-9760-aa3613e48c70",
    "language": "python",
    "code": "# Write your solution here\n\ndef solution():\n    pass",
    "status": "wrong_answer",
    "execution_time_ms": 53,
    "memory_used_kb": 0,
    "test_cases_passed": 0,
    "total_test_cases": 3,
    "error_output": "",
    "submitted_at": "2026-02-22T03:38:13.798Z",
    "judged_at": "2026-02-22T03:38:13.985Z"
  }
},
{
  "model": "submissions.submission",
  "pk": "d871c886-c71b-49f8-99bf-6b25d8af1a64",
  "fields": {
    "user": [
      "satyaprakash9923@gmail.com"
    ],
    "problem": "79e8808c-dee2-4e14-bb44-330e25693fa3",
    "contest": null,
    "language": "python",
    "code": "# Write your solution here\n\ndef solution():\n    pass",
    "status": "wrong_answer",
    "execution_time_ms": 98,
    "memory_used_kb": 0,
    "test_cases_passed": 0,
    "total_test_cases": 3,
    "error_output": "",
    "submitted_at": "2026-02-22T02:37:29.378Z",
    "judged_at": "2026-02-22T02:37:29.577Z"
  }
},
{
  "model": "submissions.submission",
  "pk": "dd7d07cf-00a2-4f04-bd79-12b8db21e0f8",
  "fields": {
    "user": [
      "satyaprakash9923@gmail.com"
    ],
    "problem": "347bede8-9f30-4a21-9702-bbccf845b5b9",
    "contest": "1c6fe413-38da-4969-9760-aa3613e48c70",
    "language": "python",
    "code": "# Write your solution here\n\ndef solution():\n    pass",
    "status": "wrong_answer",
    "execution_time_ms": 74,
    "memory_used_kb": 0,
    "test_cases_passed": 0,
    "total_test_cases": 5,
    "error_output": "",
    "submitted_at": "2026-02-22T04:24:12.800Z",
    "judged_at": "2026-02-22T04:24:12.914Z"
  }
},
{
  "model": "submissions.submission",
  "pk": "e27b74b6-f765-4889-8159-445a325025d1",
  "fields": {
    "user": [
      "satyaprakash9923@gmail.com"
    ],
    "problem": "3f8d6054-4568-4305-8674-4c59bdab5f2b",
    "contest": null,
    "language": "python",
    "code": "# Write your solution here\na, b = map(int, input().split())\nprint(a + b)",
    "status": "accepted",
    "execution_time_ms": 58,
    "memory_used_kb": 0,
    "test_cases_passed": 3,
    "total_test_cases": 3,
    "error_output": "",
    "submitted_at": "2026-02-21T18:29:15.158Z",
    "judged_at": "2026-02-21T18:29:15.390Z"
  }
},
{
  "model": "submissions.submission",
  "pk": "e46a0f8a-f1a4-471a-9247-899c894700d6",
  "fields": {
    "user": [
      "mandlesh2005@gmail.com"
    ],
    "problem": "3f8d6054-4568-4305-8674-4c59bdab5f2b",
    "contest": null,
    "language": "python",
    "code": "# Read two integers from input\na, b = map(int, input().split())\n\n# Print their sum\nprint(a + b)",
    "status": "accepted",
    "execution_time_ms": 33,
    "memory_used_kb": 0,
    "test_cases_passed": 3,
    "total_test_cases": 3,
    "error_output": "",
    "submitted_at": "2026-02-21T22:53:58.059Z",
    "judged_at": "2026-02-21T22:53:58.181Z"
  }
},
{
  "model": "submissions.submission",
  "pk": "ead0e163-10dc-4231-89dc-c7d6b1dcd3d6",
  "fields": {
    "user": [
      "admin123@gmail.com"
    ],
    "problem": "3f8d6054-4568-4305-8674-4c59bdab5f2b",
    "contest": null,
    "language": "python",
    "code": "a, b = map(int, input().split())\nprint(a + b)",
    "status": "accepted",
    "execution_time_ms": 160,
    "memory_used_kb": 0,
    "test_cases_passed": 3,
    "total_test_cases": 3,
    "error_output": "",
    "submitted_at": "2026-02-21T15:02:26.977Z",
    "judged_at": "2026-02-21T15:02:27.633Z"
  }
},
{
  "model": "submissions.submission",
  "pk": "f7423da9-4305-4cd0-8863-f7fc348afaf1",
  "fields": {
    "user": [
      "satyaprakash9923@gmail.com"
    ],
    "problem": "3f8d6054-4568-4305-8674-4c59bdab5f2b",
    "contest": "1c6fe413-38da-4969-9760-aa3613e48c70",
    "language": "python",
    "code": "# Write your solution here\n\ndef solution():\n    pass",
    "status": "wrong_answer",
    "execution_time_ms": 118,
    "memory_used_kb": 0,
    "test_cases_passed": 0,
    "total_test_cases": 3,
    "error_output": "",
    "submitted_at": "2026-02-22T02:22:53.080Z",
    "judged_at": "2026-02-22T02:22:53.724Z"
  }
},
{
  "model": "submissions.submission",
  "pk": "fa5dd58d-ee3a-474b-abef-94e27ee486f8",
  "fields": {
    "user": [
      "satyaprakash9923@gmail.com"
    ],
    "problem": "3f8d6054-4568-4305-8674-4c59bdab5f2b",
    "contest": null,
    "language": "python",
    "code": "# Write your solution here\n\nprint(\"Hello, World!\")",
    "status": "wrong_answer",
    "execution_time_ms": 202,
    "memory_used_kb": 0,
    "test_cases_passed": 0,
    "total_test_cases": 3,
    "error_output": "",
    "submitted_at": "2026-02-21T16:29:10.764Z",
    "judged_at": "2026-02-21T16:29:11.011Z"
  }
},
{
  "model": "submissions.submission",
  "pk": "fa61dfe6-6a0b-4d31-bfb3-5d644d19fbda",
  "fields": {
    "user": [
      "admin123@gmail.com"
    ],
    "problem": "3f8d6054-4568-4305-8674-4c59bdab5f2b",
    "contest": null,
    "language": "python",
    "code": "1/0",
    "status": "runtime_error",
    "execution_time_ms": 83,
    "memory_used_kb": 0,
    "test_cases_passed": 0,
    "total_test_cases": 3,
    "error_output": "Traceback (most recent call last):\n  File \"C:\\Users\\SATYAP~1\\AppData\\Local\\Temp\\brosync_local_dr6yfh4e\\solution.py\", line 1, in <module>\n    1/0\n    ~^~\nZeroDivisionError: division by zero",
    "submitted_at": "2026-02-21T15:03:13.864Z",
    "judged_at": "2026-02-21T15:03:13.980Z"
  }
},
{
  "model": "submissions.submission",
  "pk": "ff549e3e-1cd4-4f66-ae45-b43ef07e1d53",
  "fields": {
    "user": [
      "satyaprakash9923@gmail.com"
    ],
    "problem": "3f8d6054-4568-4305-8674-4c59bdab5f2b",
    "contest": null,
    "language": "python",
    "code": "# Write your solution here\na, b = map(int, input().split())\nprint(a + b)",
    "status": "accepted",
    "execution_time_ms": 159,
    "memory_used_kb": 0,
    "test_cases_passed": 3,
    "total_test_cases": 3,
    "error_output": "",
    "submitted_at": "2026-02-21T21:26:55.911Z",
    "judged_at": "2026-02-21T21:26:56.825Z"
  }
},
{
  "model": "contests.contest",
  "pk": "1c6fe413-38da-4969-9760-aa3613e48c70",
  "fields": {
    "title": "Beginner Friendly Contest",
    "slug": "beginner-friendly-contest",
    "description": "New to competitive programming? This contest is designed for beginners with easy to medium difficulty problems. No pressure, just learning!",
    "status": "active",
    "start_time": "2026-02-22T01:09:16.019Z",
    "end_time": "2026-02-22T12:28:35.232Z",
    "created_by": [
      "mandlesh2005@gmail.com"
    ],
    "penalty_time_minutes": 10,
    "max_participants": 0,
    "visibility": "public",
    "join_code": "",
    "created_at": "2026-02-22T02:09:16.036Z",
    "updated_at": "2026-02-22T02:09:16.036Z"
  }
},
{
  "model": "contests.contest",
  "pk": "610bc379-d83d-481f-affa-ca81ccdcca3d",
  "fields": {
    "title": "BroSync Grand Challenge",
    "slug": "brosync-grand-challenge",
    "description": "The ultimate coding showdown! Compete against the best programmers in a 3-hour marathon of challenging problems.",
    "status": "upcoming",
    "start_time": "2026-02-27T02:09:16.019Z",
    "end_time": "2026-02-27T05:09:16.019Z",
    "created_by": [
      "mandlesh2005@gmail.com"
    ],
    "penalty_time_minutes": 20,
    "max_participants": 1000,
    "visibility": "public",
    "join_code": "",
    "created_at": "2026-02-22T02:09:16.031Z",
    "updated_at": "2026-02-22T02:09:16.031Z"
  }
},
{
  "model": "contests.contest",
  "pk": "754602d9-ab46-4575-b40b-f5de3469a585",
  "fields": {
    "title": "Night Owl Coding Marathon",
    "slug": "night-owl-coding-marathon",
    "description": "For the night owls! A late-night contest starting at midnight with tricky algorithmic puzzles. Coffee recommended.",
    "status": "ended",
    "start_time": "2026-02-19T02:09:16.019Z",
    "end_time": "2026-02-19T06:09:16.019Z",
    "created_by": [
      "mandlesh2005@gmail.com"
    ],
    "penalty_time_minutes": 20,
    "max_participants": 200,
    "visibility": "public",
    "join_code": "",
    "created_at": "2026-02-22T02:09:16.047Z",
    "updated_at": "2026-02-22T02:09:16.047Z"
  }
},
{
  "model": "contests.contest",
  "pk": "96c2e294-a827-4147-be17-e9e4af383b55",
  "fields": {
    "title": "python",
    "slug": "python",
    "description": "sddidddfwdasd",
    "status": "upcoming",
    "start_time": "2026-02-22T20:57:00Z",
    "end_time": "2026-02-23T20:58:00Z",
    "created_by": [
      "satyaprakash9923@gmail.com"
    ],
    "penalty_time_minutes": 17,
    "max_participants": 6,
    "visibility": "public",
    "join_code": "",
    "created_at": "2026-02-21T20:58:18.157Z",
    "updated_at": "2026-02-21T20:58:18.157Z"
  }
},
{
  "model": "contests.contest",
  "pk": "98974b44-d46f-4461-b8e5-d31e8dc0a954",
  "fields": {
    "title": "Weekly Code Sprint #1",
    "slug": "weekly-code-sprint-1",
    "description": "A fast-paced weekly contest to sharpen your algorithmic skills. Solve as many problems as you can in 2 hours!",
    "status": "upcoming",
    "start_time": "2026-02-24T02:09:16.019Z",
    "end_time": "2026-02-24T04:09:16.019Z",
    "created_by": [
      "mandlesh2005@gmail.com"
    ],
    "penalty_time_minutes": 20,
    "max_participants": 500,
    "visibility": "public",
    "join_code": "",
    "created_at": "2026-02-22T02:09:16.020Z",
    "updated_at": "2026-02-22T02:09:16.020Z"
  }
},
{
  "model": "contests.contest",
  "pk": "e1315a9c-da53-4453-b205-6ac5b71ef293",
  "fields": {
    "title": "Data Structures Deep Dive",
    "slug": "data-structures-deep-dive",
    "description": "Put your knowledge of trees, graphs, heaps, and advanced data structures to the test in this themed contest.",
    "status": "active",
    "start_time": "2026-02-22T01:09:16.019Z",
    "end_time": "2026-02-22T12:28:35.232Z",
    "created_by": [
      "mandlesh2005@gmail.com"
    ],
    "penalty_time_minutes": 15,
    "max_participants": 300,
    "visibility": "public",
    "join_code": "",
    "created_at": "2026-02-22T02:09:16.041Z",
    "updated_at": "2026-02-22T02:09:16.041Z"
  }
},
{
  "model": "contests.contest",
  "pk": "fa1e21b8-2697-475d-baa2-a9a880194d80",
  "fields": {
    "title": "weekly round",
    "slug": "weekly-round",
    "description": "",
    "status": "draft",
    "start_time": "2026-02-21T20:30:00Z",
    "end_time": "2026-02-22T21:30:00Z",
    "created_by": [
      "mandlesh2005@gmail.com"
    ],
    "penalty_time_minutes": 20,
    "max_participants": 35,
    "visibility": "public",
    "join_code": "",
    "created_at": "2026-02-21T22:58:28.573Z",
    "updated_at": "2026-02-21T22:58:54.035Z"
  }
},
{
  "model": "contests.contestproblem",
  "pk": "0333039c-4dbf-4441-bdef-5f3f34486cb5",
  "fields": {
    "contest": "1c6fe413-38da-4969-9760-aa3613e48c70",
    "problem": "185058b9-bf58-472e-a23f-d8e1111f0c12",
    "order": 7,
    "points": 150
  }
},
{
  "model": "contests.contestproblem",
  "pk": "3c681050-661e-45e1-98a8-40dbc482f3b8",
  "fields": {
    "contest": "1c6fe413-38da-4969-9760-aa3613e48c70",
    "problem": "cda10abd-d78a-46d9-ad0f-526329cdaffd",
    "order": 4,
    "points": 200
  }
},
{
  "model": "contests.contestproblem",
  "pk": "41b3c45f-c7bb-4597-81af-3d6c6c499024",
  "fields": {
    "contest": "1c6fe413-38da-4969-9760-aa3613e48c70",
    "problem": "6b0cc879-7aff-4275-8f33-a43d812b4495",
    "order": 2,
    "points": 100
  }
},
{
  "model": "contests.contestproblem",
  "pk": "48b984fa-b1af-43d3-ab7c-7a9dfae2865c",
  "fields": {
    "contest": "1c6fe413-38da-4969-9760-aa3613e48c70",
    "problem": "f9f18ae7-51be-41e8-be8a-872c18dbc9a2",
    "order": 9,
    "points": 150
  }
},
{
  "model": "contests.contestproblem",
  "pk": "4a5016a9-b248-45d1-a7f7-3dbc655e0c5e",
  "fields": {
    "contest": "1c6fe413-38da-4969-9760-aa3613e48c70",
    "problem": "f3197bee-4297-4b8d-a921-9afa30e6393f",
    "order": 6,
    "points": 100
  }
},
{
  "model": "contests.contestproblem",
  "pk": "4f861940-4a95-4551-84a3-ad20f4a8433a",
  "fields": {
    "contest": "e1315a9c-da53-4453-b205-6ac5b71ef293",
    "problem": "e491e45b-a0d2-4aec-a53f-2336cf540a4a",
    "order": 6,
    "points": 200
  }
},
{
  "model": "contests.contestproblem",
  "pk": "510ace33-e106-4dd1-9992-c398f9d1ad3b",
  "fields": {
    "contest": "e1315a9c-da53-4453-b205-6ac5b71ef293",
    "problem": "7e6f811b-508b-492c-a86b-a3777574b04a",
    "order": 2,
    "points": 250
  }
},
{
  "model": "contests.contestproblem",
  "pk": "5697f80b-5776-44d1-917e-98929c5f860a",
  "fields": {
    "contest": "1c6fe413-38da-4969-9760-aa3613e48c70",
    "problem": "347bede8-9f30-4a21-9702-bbccf845b5b9",
    "order": 3,
    "points": 100
  }
},
{
  "model": "contests.contestproblem",
  "pk": "67206ce3-053d-49ba-9b31-235d201ed4e5",
  "fields": {
    "contest": "e1315a9c-da53-4453-b205-6ac5b71ef293",
    "problem": "0b92df40-767f-4f6f-82da-caabd7ac1f04",
    "order": 9,
    "points": 200
  }
},
{
  "model": "contests.contestproblem",
  "pk": "7143d9c6-255e-41de-a0eb-1537e18a2678",
  "fields": {
    "contest": "1c6fe413-38da-4969-9760-aa3613e48c70",
    "problem": "abb94114-2414-48a7-adeb-2d9cc0a9e1b0",
    "order": 1,
    "points": 100
  }
},
{
  "model": "contests.contestproblem",
  "pk": "79cf87e5-9f9c-40fb-8c44-c4262cf345b6",
  "fields": {
    "contest": "1c6fe413-38da-4969-9760-aa3613e48c70",
    "problem": "2563502d-e4da-4844-a621-d29eb83f2aee",
    "order": 8,
    "points": 100
  }
},
{
  "model": "contests.contestproblem",
  "pk": "7ac8ad35-0cdb-4f39-abb9-f0821e2e13c4",
  "fields": {
    "contest": "e1315a9c-da53-4453-b205-6ac5b71ef293",
    "problem": "715198c5-f54b-4ab9-95d0-27cd8d86cce2",
    "order": 0,
    "points": 200
  }
},
{
  "model": "contests.contestproblem",
  "pk": "98f8bb3c-e380-4f3c-8458-61afaab8e27f",
  "fields": {
    "contest": "e1315a9c-da53-4453-b205-6ac5b71ef293",
    "problem": "d406223c-a909-4c8a-9c03-89876d903c0d",
    "order": 5,
    "points": 150
  }
},
{
  "model": "contests.contestproblem",
  "pk": "a7e1c56f-8eb7-4253-9f0f-06de25625bcf",
  "fields": {
    "contest": "e1315a9c-da53-4453-b205-6ac5b71ef293",
    "problem": "d3be1963-266c-482f-a673-19f4c8a74f87",
    "order": 8,
    "points": 250
  }
},
{
  "model": "contests.contestproblem",
  "pk": "aa0e5af6-bb12-425d-8fef-11a030ab5076",
  "fields": {
    "contest": "1c6fe413-38da-4969-9760-aa3613e48c70",
    "problem": "718a34d3-bc1d-4d02-bcf1-8bacef195b1c",
    "order": 5,
    "points": 100
  }
},
{
  "model": "contests.contestproblem",
  "pk": "d437eb19-d21e-470d-b2b4-413417f61377",
  "fields": {
    "contest": "e1315a9c-da53-4453-b205-6ac5b71ef293",
    "problem": "f60c7f32-a8c6-4958-a954-44601a6a3d2a",
    "order": 3,
    "points": 150
  }
},
{
  "model": "contests.contestproblem",
  "pk": "d532537e-0fb2-4cd6-b748-593e7b025d5e",
  "fields": {
    "contest": "e1315a9c-da53-4453-b205-6ac5b71ef293",
    "problem": "769353e8-02c6-43cc-8221-5d56f136b2fe",
    "order": 7,
    "points": 300
  }
},
{
  "model": "contests.contestproblem",
  "pk": "e7964d98-c2e3-4f49-9173-4ab0b289d7fb",
  "fields": {
    "contest": "e1315a9c-da53-4453-b205-6ac5b71ef293",
    "problem": "79e8808c-dee2-4e14-bb44-330e25693fa3",
    "order": 4,
    "points": 250
  }
},
{
  "model": "contests.contestproblem",
  "pk": "eca828e5-a6d7-4cc0-836b-8fc756af8c42",
  "fields": {
    "contest": "1c6fe413-38da-4969-9760-aa3613e48c70",
    "problem": "3f8d6054-4568-4305-8674-4c59bdab5f2b",
    "order": 0,
    "points": 100
  }
},
{
  "model": "contests.contestproblem",
  "pk": "fd199f7d-f044-41e5-ab5c-1b06ccd2f8ab",
  "fields": {
    "contest": "e1315a9c-da53-4453-b205-6ac5b71ef293",
    "problem": "d644a78f-1ac8-428f-8c88-3cd5167410f2",
    "order": 1,
    "points": 200
  }
},
{
  "model": "contests.contestparticipation",
  "pk": "91453fea-b159-40b7-8663-dae3707523cc",
  "fields": {
    "contest": "1c6fe413-38da-4969-9760-aa3613e48c70",
    "user": [
      "satyaprakash9923@gmail.com"
    ],
    "score": 0,
    "penalty": 200,
    "problems_solved": 0,
    "joined_at": "2026-02-22T02:09:42.800Z"
  }
},
{
  "model": "organizer.organizerprofile",
  "pk": "46841c2f-2112-4c30-9c12-4864447ac985",
  "fields": {
    "user": [
      "satyaprakash9923@gmail.com"
    ],
    "org_name": "iit kaman",
    "org_type": "college",
    "description": "bsadawdo",
    "website": "",
    "logo_url": "",
    "location": "vasai kaman",
    "is_verified": false,
    "created_at": "2026-02-21T20:54:58.122Z",
    "updated_at": "2026-02-21T20:54:58.125Z"
  }
},
{
  "model": "organizer.organizerprofile",
  "pk": "d3f809b1-4e82-4849-a8fa-467413730584",
  "fields": {
    "user": [
      "mandlesh2005@gmail.com"
    ],
    "org_name": "L&T",
    "org_type": "company",
    "description": "multinational company of india",
    "website": "",
    "logo_url": "",
    "location": "",
    "is_verified": false,
    "created_at": "2026-02-21T22:57:35.988Z",
    "updated_at": "2026-02-21T22:57:35.988Z"
  }
},
{
  "model": "battles.battlerequest",
  "pk": "13623a89-467f-4699-81a1-f3f79b45255c",
  "fields": {
    "challenger": [
      "satyaprakash9923@gmail.com"
    ],
    "opponent": [
      "abhi123@gmail.com"
    ],
    "difficulty": "easy",
    "status": "accepted",
    "expires_at": "2026-02-22T02:11:36.393Z",
    "created_at": "2026-02-22T02:06:36.394Z",
    "updated_at": "2026-02-22T02:06:36.394Z"
  }
},
{
  "model": "battles.battlerequest",
  "pk": "43d1b2f6-5d09-4487-8767-dda4a549e69e",
  "fields": {
    "challenger": [
      "satyaprakash9923@gmail.com"
    ],
    "opponent": [
      "abhi123@gmail.com"
    ],
    "difficulty": "easy",
    "status": "expired",
    "expires_at": "2026-02-21T23:54:40.783Z",
    "created_at": "2026-02-21T23:49:40.784Z",
    "updated_at": "2026-02-21T23:49:40.784Z"
  }
},
{
  "model": "battles.battlerequest",
  "pk": "5bb011f9-8ded-4965-83a6-977b5475ed1c",
  "fields": {
    "challenger": [
      "satyaprakash9923@gmail.com"
    ],
    "opponent": [
      "abhi123@gmail.com"
    ],
    "difficulty": "medium",
    "status": "accepted",
    "expires_at": "2026-02-22T00:44:09.230Z",
    "created_at": "2026-02-22T00:39:09.231Z",
    "updated_at": "2026-02-22T00:39:09.231Z"
  }
},
{
  "model": "battles.battlerequest",
  "pk": "66689422-99b1-4a0d-b6a1-61ec28835c5b",
  "fields": {
    "challenger": [
      "abhi123@gmail.com"
    ],
    "opponent": [
      "satyaprakash9923@gmail.com"
    ],
    "difficulty": "medium",
    "status": "accepted",
    "expires_at": "2026-02-22T02:44:55.514Z",
    "created_at": "2026-02-22T02:39:55.515Z",
    "updated_at": "2026-02-22T02:39:55.515Z"
  }
},
{
  "model": "battles.battlerequest",
  "pk": "76944c71-77db-4065-b770-7a1697e82ab6",
  "fields": {
    "challenger": [
      "satyaprakash9923@gmail.com"
    ],
    "opponent": [
      "abhi123@gmail.com"
    ],
    "difficulty": "easy",
    "status": "accepted",
    "expires_at": "2026-02-22T07:07:57.179Z",
    "created_at": "2026-02-22T07:02:57.180Z",
    "updated_at": "2026-02-22T07:02:57.180Z"
  }
},
{
  "model": "battles.battlerequest",
  "pk": "91d34455-4441-4453-9d32-ab8e0db90d3f",
  "fields": {
    "challenger": [
      "satyaprakash9923@gmail.com"
    ],
    "opponent": [
      "abhi123@gmail.com"
    ],
    "difficulty": "medium",
    "status": "accepted",
    "expires_at": "2026-02-22T02:14:29.479Z",
    "created_at": "2026-02-22T02:09:29.480Z",
    "updated_at": "2026-02-22T02:09:29.480Z"
  }
},
{
  "model": "battles.battlerequest",
  "pk": "a837537d-74d1-4111-98ec-2d2290e2addd",
  "fields": {
    "challenger": [
      "satyaprakash9923@gmail.com"
    ],
    "opponent": [
      "abhi123@gmail.com"
    ],
    "difficulty": "easy",
    "status": "accepted",
    "expires_at": "2026-02-22T01:06:11.494Z",
    "created_at": "2026-02-22T01:01:11.501Z",
    "updated_at": "2026-02-22T01:01:11.501Z"
  }
},
{
  "model": "battles.battlerequest",
  "pk": "ad66cc94-806e-4226-b077-2d326a24204b",
  "fields": {
    "challenger": [
      "admin123@gmail.com"
    ],
    "opponent": [
      "abhi123@gmail.com"
    ],
    "difficulty": "medium",
    "status": "cancelled",
    "expires_at": "2026-02-22T00:12:28.901Z",
    "created_at": "2026-02-22T00:07:28.917Z",
    "updated_at": "2026-02-22T00:07:28.917Z"
  }
},
{
  "model": "battles.battlerequest",
  "pk": "b93833a2-a863-43cf-9e39-6e4fd19c20f1",
  "fields": {
    "challenger": [
      "satyaprakash9923@gmail.com"
    ],
    "opponent": [
      "abhi123@gmail.com"
    ],
    "difficulty": "easy",
    "status": "expired",
    "expires_at": "2026-02-22T00:32:14.516Z",
    "created_at": "2026-02-22T00:27:14.524Z",
    "updated_at": "2026-02-22T00:27:14.524Z"
  }
},
{
  "model": "battles.battlerequest",
  "pk": "c1b5c9ea-af03-40cf-92ba-e992f7eca3e7",
  "fields": {
    "challenger": [
      "abhi123@gmail.com"
    ],
    "opponent": [
      "satyaprakash9923@gmail.com"
    ],
    "difficulty": "medium",
    "status": "accepted",
    "expires_at": "2026-02-22T07:17:06.517Z",
    "created_at": "2026-02-22T07:12:06.531Z",
    "updated_at": "2026-02-22T07:12:06.531Z"
  }
},
{
  "model": "battles.battlerequest",
  "pk": "cfe09973-ea79-4038-a2ef-41ab20ce7dc0",
  "fields": {
    "challenger": [
      "satyaprakash9923@gmail.com"
    ],
    "opponent": [
      "abhi123@gmail.com"
    ],
    "difficulty": "medium",
    "status": "accepted",
    "expires_at": "2026-02-22T02:36:55.343Z",
    "created_at": "2026-02-22T02:31:55.343Z",
    "updated_at": "2026-02-22T02:31:55.343Z"
  }
},
{
  "model": "battles.battlerequest",
  "pk": "e22d9ca9-ec37-4be3-bd8b-b30ef5612599",
  "fields": {
    "challenger": [
      "satyaprakash9923@gmail.com"
    ],
    "opponent": [
      "admin123@gmail.com"
    ],
    "difficulty": "easy",
    "status": "expired",
    "expires_at": "2026-02-21T23:47:51.986Z",
    "created_at": "2026-02-21T23:42:52.011Z",
    "updated_at": "2026-02-21T23:42:52.011Z"
  }
},
{
  "model": "battles.battlerequest",
  "pk": "e89ce812-92f0-40c4-afbe-03a115c232f8",
  "fields": {
    "challenger": [
      "satyaprakash9923@gmail.com"
    ],
    "opponent": [
      "abhi123@gmail.com"
    ],
    "difficulty": "easy",
    "status": "accepted",
    "expires_at": "2026-02-22T01:25:29.988Z",
    "created_at": "2026-02-22T01:20:29.989Z",
    "updated_at": "2026-02-22T01:20:29.989Z"
  }
},
{
  "model": "battles.battlerequest",
  "pk": "f4385576-6291-4828-b7f5-e21e759aaedd",
  "fields": {
    "challenger": [
      "satyaprakash9923@gmail.com"
    ],
    "opponent": [
      "abhi123@gmail.com"
    ],
    "difficulty": "easy",
    "status": "accepted",
    "expires_at": "2026-02-22T02:19:24.560Z",
    "created_at": "2026-02-22T02:14:24.563Z",
    "updated_at": "2026-02-22T02:14:24.563Z"
  }
},
{
  "model": "battles.battlerequest",
  "pk": "f64d3344-dfd1-4192-b1f8-422beb1c3044",
  "fields": {
    "challenger": [
      "satyaprakash9923@gmail.com"
    ],
    "opponent": [
      "abhi123@gmail.com"
    ],
    "difficulty": "medium",
    "status": "rejected",
    "expires_at": "2026-02-22T00:43:41.616Z",
    "created_at": "2026-02-22T00:38:41.618Z",
    "updated_at": "2026-02-22T00:38:41.618Z"
  }
},
{
  "model": "battles.battle",
  "pk": "2fbab2cc-0e22-42b5-b304-20ff32f0cacf",
  "fields": {
    "battle_request": "cfe09973-ea79-4038-a2ef-41ab20ce7dc0",
    "challenger": [
      "satyaprakash9923@gmail.com"
    ],
    "opponent": [
      "abhi123@gmail.com"
    ],
    "difficulty": "medium",
    "status": "completed",
    "winner": null,
    "started_at": "2026-02-22T02:32:11.942Z",
    "ends_at": "2026-02-22T03:02:11.942Z",
    "ended_at": "2026-02-22T02:33:38.063Z",
    "created_at": "2026-02-22T02:32:11.362Z",
    "updated_at": "2026-02-22T02:32:11.362Z",
    "problems": [
      "62d9ce5a-117f-4a51-a00c-372d9766db9e",
      "bea380d5-2907-4d0a-9e99-3c3031fbf008",
      "52b117ed-d4e7-40fb-b7cb-7fa0cd5e35b8",
      "85094062-8063-4b07-b397-a0cf565a9336",
      "a3635944-f79c-4916-9ccf-14530111db6c"
    ]
  }
},
{
  "model": "battles.battle",
  "pk": "3d032c6c-0e4f-4220-870b-8cb85a5c39a3",
  "fields": {
    "battle_request": "66689422-99b1-4a0d-b6a1-61ec28835c5b",
    "challenger": [
      "abhi123@gmail.com"
    ],
    "opponent": [
      "satyaprakash9923@gmail.com"
    ],
    "difficulty": "medium",
    "status": "completed",
    "winner": null,
    "started_at": "2026-02-22T02:40:00.957Z",
    "ends_at": "2026-02-22T03:10:00.957Z",
    "ended_at": "2026-02-22T02:41:28.550Z",
    "created_at": "2026-02-22T02:40:00.200Z",
    "updated_at": "2026-02-22T02:40:00.200Z",
    "problems": [
      "62d9ce5a-117f-4a51-a00c-372d9766db9e",
      "bea380d5-2907-4d0a-9e99-3c3031fbf008",
      "52b117ed-d4e7-40fb-b7cb-7fa0cd5e35b8",
      "85094062-8063-4b07-b397-a0cf565a9336",
      "a3635944-f79c-4916-9ccf-14530111db6c"
    ]
  }
},
{
  "model": "battles.battle",
  "pk": "55a119f9-cbcd-45a8-8eda-55885a916c7a",
  "fields": {
    "battle_request": "91d34455-4441-4453-9d32-ab8e0db90d3f",
    "challenger": [
      "satyaprakash9923@gmail.com"
    ],
    "opponent": [
      "abhi123@gmail.com"
    ],
    "difficulty": "medium",
    "status": "completed",
    "winner": null,
    "started_at": "2026-02-22T02:09:45.355Z",
    "ends_at": "2026-02-22T02:39:45.355Z",
    "ended_at": "2026-02-22T02:13:40.773Z",
    "created_at": "2026-02-22T02:09:44.673Z",
    "updated_at": "2026-02-22T02:09:44.673Z",
    "problems": [
      "62d9ce5a-117f-4a51-a00c-372d9766db9e",
      "bea380d5-2907-4d0a-9e99-3c3031fbf008",
      "52b117ed-d4e7-40fb-b7cb-7fa0cd5e35b8",
      "85094062-8063-4b07-b397-a0cf565a9336",
      "a3635944-f79c-4916-9ccf-14530111db6c"
    ]
  }
},
{
  "model": "battles.battle",
  "pk": "90c3a83f-6950-4eb0-bc6c-174067dbe154",
  "fields": {
    "battle_request": "76944c71-77db-4065-b770-7a1697e82ab6",
    "challenger": [
      "satyaprakash9923@gmail.com"
    ],
    "opponent": [
      "abhi123@gmail.com"
    ],
    "difficulty": "easy",
    "status": "completed",
    "winner": null,
    "started_at": "2026-02-22T07:03:06.372Z",
    "ends_at": "2026-02-22T07:33:06.372Z",
    "ended_at": "2026-02-22T07:04:41.203Z",
    "created_at": "2026-02-22T07:03:05.718Z",
    "updated_at": "2026-02-22T07:03:05.718Z",
    "problems": [
      "718a34d3-bc1d-4d02-bcf1-8bacef195b1c",
      "347bede8-9f30-4a21-9702-bbccf845b5b9",
      "37a98346-d9d4-4493-a069-508d6240508a",
      "838705d1-db03-4bce-a68b-9e1f442985df",
      "3f8d6054-4568-4305-8674-4c59bdab5f2b"
    ]
  }
},
{
  "model": "battles.battle",
  "pk": "a205d82c-e78f-4873-8db1-fb9fd828085f",
  "fields": {
    "battle_request": "f4385576-6291-4828-b7f5-e21e759aaedd",
    "challenger": [
      "satyaprakash9923@gmail.com"
    ],
    "opponent": [
      "abhi123@gmail.com"
    ],
    "difficulty": "easy",
    "status": "completed",
    "winner": null,
    "started_at": "2026-02-22T02:14:30.308Z",
    "ends_at": "2026-02-22T02:44:30.308Z",
    "ended_at": "2026-02-22T02:16:29.059Z",
    "created_at": "2026-02-22T02:14:29.640Z",
    "updated_at": "2026-02-22T02:14:29.640Z",
    "problems": [
      "718a34d3-bc1d-4d02-bcf1-8bacef195b1c",
      "2563502d-e4da-4844-a621-d29eb83f2aee",
      "347bede8-9f30-4a21-9702-bbccf845b5b9",
      "838705d1-db03-4bce-a68b-9e1f442985df",
      "3f8d6054-4568-4305-8674-4c59bdab5f2b"
    ]
  }
},
{
  "model": "battles.battle",
  "pk": "ad906a93-7c02-421c-a6f8-bedcb8ec386b",
  "fields": {
    "battle_request": "c1b5c9ea-af03-40cf-92ba-e992f7eca3e7",
    "challenger": [
      "abhi123@gmail.com"
    ],
    "opponent": [
      "satyaprakash9923@gmail.com"
    ],
    "difficulty": "medium",
    "status": "active",
    "winner": null,
    "started_at": "2026-02-22T07:12:18.499Z",
    "ends_at": "2026-02-22T07:42:18.499Z",
    "ended_at": null,
    "created_at": "2026-02-22T07:12:17.768Z",
    "updated_at": "2026-02-22T07:12:17.768Z",
    "problems": [
      "62d9ce5a-117f-4a51-a00c-372d9766db9e",
      "bea380d5-2907-4d0a-9e99-3c3031fbf008",
      "52b117ed-d4e7-40fb-b7cb-7fa0cd5e35b8",
      "85094062-8063-4b07-b397-a0cf565a9336",
      "a3635944-f79c-4916-9ccf-14530111db6c"
    ]
  }
},
{
  "model": "battles.battle",
  "pk": "c0846eea-aca6-4fbb-8b9c-13a6b06620d6",
  "fields": {
    "battle_request": "13623a89-467f-4699-81a1-f3f79b45255c",
    "challenger": [
      "satyaprakash9923@gmail.com"
    ],
    "opponent": [
      "abhi123@gmail.com"
    ],
    "difficulty": "easy",
    "status": "completed",
    "winner": null,
    "started_at": "2026-02-22T02:06:43.273Z",
    "ends_at": "2026-02-22T02:36:43.273Z",
    "ended_at": "2026-02-22T02:07:38.955Z",
    "created_at": "2026-02-22T02:06:42.534Z",
    "updated_at": "2026-02-22T02:06:42.534Z",
    "problems": [
      "718a34d3-bc1d-4d02-bcf1-8bacef195b1c",
      "2563502d-e4da-4844-a621-d29eb83f2aee",
      "37a98346-d9d4-4493-a069-508d6240508a",
      "838705d1-db03-4bce-a68b-9e1f442985df",
      "3f8d6054-4568-4305-8674-4c59bdab5f2b"
    ]
  }
},
{
  "model": "battles.battle",
  "pk": "e7144d92-96b9-485d-8956-70441794564c",
  "fields": {
    "battle_request": "5bb011f9-8ded-4965-83a6-977b5475ed1c",
    "challenger": [
      "satyaprakash9923@gmail.com"
    ],
    "opponent": [
      "abhi123@gmail.com"
    ],
    "difficulty": "medium",
    "status": "cancelled",
    "winner": null,
    "started_at": null,
    "ends_at": null,
    "ended_at": null,
    "created_at": "2026-02-22T00:39:14.400Z",
    "updated_at": "2026-02-22T00:39:14.400Z",
    "problems": [
      "62d9ce5a-117f-4a51-a00c-372d9766db9e",
      "bea380d5-2907-4d0a-9e99-3c3031fbf008",
      "52b117ed-d4e7-40fb-b7cb-7fa0cd5e35b8",
      "85094062-8063-4b07-b397-a0cf565a9336",
      "a3635944-f79c-4916-9ccf-14530111db6c"
    ]
  }
},
{
  "model": "battles.battle",
  "pk": "e7d9f728-e716-477a-b0a5-3da450e0d9df",
  "fields": {
    "battle_request": "e89ce812-92f0-40c4-afbe-03a115c232f8",
    "challenger": [
      "satyaprakash9923@gmail.com"
    ],
    "opponent": [
      "abhi123@gmail.com"
    ],
    "difficulty": "easy",
    "status": "completed",
    "winner": [
      "satyaprakash9923@gmail.com"
    ],
    "started_at": "2026-02-22T01:20:35.387Z",
    "ends_at": "2026-02-22T01:50:35.387Z",
    "ended_at": "2026-02-22T01:58:50.474Z",
    "created_at": "2026-02-22T01:20:34.691Z",
    "updated_at": "2026-02-22T01:20:34.691Z",
    "problems": [
      "718a34d3-bc1d-4d02-bcf1-8bacef195b1c",
      "2563502d-e4da-4844-a621-d29eb83f2aee",
      "37a98346-d9d4-4493-a069-508d6240508a",
      "838705d1-db03-4bce-a68b-9e1f442985df",
      "3f8d6054-4568-4305-8674-4c59bdab5f2b"
    ]
  }
},
{
  "model": "battles.battle",
  "pk": "f026fc57-7a78-4679-9b89-5bf292ad5b1e",
  "fields": {
    "battle_request": "a837537d-74d1-4111-98ec-2d2290e2addd",
    "challenger": [
      "satyaprakash9923@gmail.com"
    ],
    "opponent": [
      "abhi123@gmail.com"
    ],
    "difficulty": "easy",
    "status": "cancelled",
    "winner": null,
    "started_at": "2026-02-22T01:01:19.604Z",
    "ends_at": "2026-02-22T01:31:19.604Z",
    "ended_at": null,
    "created_at": "2026-02-22T01:01:19.008Z",
    "updated_at": "2026-02-22T01:01:19.008Z",
    "problems": [
      "718a34d3-bc1d-4d02-bcf1-8bacef195b1c",
      "2563502d-e4da-4844-a621-d29eb83f2aee",
      "347bede8-9f30-4a21-9702-bbccf845b5b9",
      "37a98346-d9d4-4493-a069-508d6240508a",
      "838705d1-db03-4bce-a68b-9e1f442985df"
    ]
  }
},
{
  "model": "battles.battleparticipant",
  "pk": "00116c1d-daf2-4984-8c9e-b3bfb63959da",
  "fields": {
    "battle": "c0846eea-aca6-4fbb-8b9c-13a6b06620d6",
    "user": [
      "satyaprakash9923@gmail.com"
    ],
    "score": 0,
    "problems_solved": 0,
    "is_connected": true,
    "joined_at": "2026-02-22T02:06:42.550Z",
    "updated_at": "2026-02-22T02:06:42.550Z"
  }
},
{
  "model": "battles.battleparticipant",
  "pk": "0ec78a79-6f47-469a-b3ee-400d834aac74",
  "fields": {
    "battle": "e7d9f728-e716-477a-b0a5-3da450e0d9df",
    "user": [
      "satyaprakash9923@gmail.com"
    ],
    "score": 50,
    "problems_solved": 5,
    "is_connected": true,
    "joined_at": "2026-02-22T01:20:34.710Z",
    "updated_at": "2026-02-22T01:20:34.710Z"
  }
},
{
  "model": "battles.battleparticipant",
  "pk": "1fc8df6c-fd3e-4943-9a79-623d66a9cfa4",
  "fields": {
    "battle": "a205d82c-e78f-4873-8db1-fb9fd828085f",
    "user": [
      "satyaprakash9923@gmail.com"
    ],
    "score": 0,
    "problems_solved": 0,
    "is_connected": true,
    "joined_at": "2026-02-22T02:14:29.669Z",
    "updated_at": "2026-02-22T02:14:29.669Z"
  }
},
{
  "model": "battles.battleparticipant",
  "pk": "2f3a46f0-f081-4048-8179-402c0ea94479",
  "fields": {
    "battle": "3d032c6c-0e4f-4220-870b-8cb85a5c39a3",
    "user": [
      "abhi123@gmail.com"
    ],
    "score": 0,
    "problems_solved": 0,
    "is_connected": true,
    "joined_at": "2026-02-22T02:40:00.222Z",
    "updated_at": "2026-02-22T02:40:00.222Z"
  }
},
{
  "model": "battles.battleparticipant",
  "pk": "377fc307-d778-4373-8b81-181aa2126299",
  "fields": {
    "battle": "f026fc57-7a78-4679-9b89-5bf292ad5b1e",
    "user": [
      "satyaprakash9923@gmail.com"
    ],
    "score": 0,
    "problems_solved": 0,
    "is_connected": true,
    "joined_at": "2026-02-22T01:01:19.031Z",
    "updated_at": "2026-02-22T01:01:19.031Z"
  }
},
{
  "model": "battles.battleparticipant",
  "pk": "396acb8d-44f0-436d-8dd4-cf19e2598994",
  "fields": {
    "battle": "90c3a83f-6950-4eb0-bc6c-174067dbe154",
    "user": [
      "satyaprakash9923@gmail.com"
    ],
    "score": 0,
    "problems_solved": 0,
    "is_connected": true,
    "joined_at": "2026-02-22T07:03:05.751Z",
    "updated_at": "2026-02-22T07:03:05.751Z"
  }
},
{
  "model": "battles.battleparticipant",
  "pk": "4cc9ab79-beda-4b4d-b06f-d496c7de6b24",
  "fields": {
    "battle": "55a119f9-cbcd-45a8-8eda-55885a916c7a",
    "user": [
      "satyaprakash9923@gmail.com"
    ],
    "score": 0,
    "problems_solved": 0,
    "is_connected": true,
    "joined_at": "2026-02-22T02:09:44.693Z",
    "updated_at": "2026-02-22T02:09:44.693Z"
  }
},
{
  "model": "battles.battleparticipant",
  "pk": "5dbb51e1-3340-44d7-9651-036c50ac8ee2",
  "fields": {
    "battle": "ad906a93-7c02-421c-a6f8-bedcb8ec386b",
    "user": [
      "abhi123@gmail.com"
    ],
    "score": 0,
    "problems_solved": 0,
    "is_connected": true,
    "joined_at": "2026-02-22T07:12:17.838Z",
    "updated_at": "2026-02-22T07:12:17.838Z"
  }
},
{
  "model": "battles.battleparticipant",
  "pk": "64f75376-62de-4b1e-aba7-c474220def71",
  "fields": {
    "battle": "f026fc57-7a78-4679-9b89-5bf292ad5b1e",
    "user": [
      "abhi123@gmail.com"
    ],
    "score": 0,
    "problems_solved": 0,
    "is_connected": true,
    "joined_at": "2026-02-22T01:01:19.031Z",
    "updated_at": "2026-02-22T01:01:19.031Z"
  }
},
{
  "model": "battles.battleparticipant",
  "pk": "654ce1b5-9038-49fe-86bd-0ebe90c6875c",
  "fields": {
    "battle": "e7144d92-96b9-485d-8956-70441794564c",
    "user": [
      "abhi123@gmail.com"
    ],
    "score": 0,
    "problems_solved": 0,
    "is_connected": true,
    "joined_at": "2026-02-22T00:39:14.428Z",
    "updated_at": "2026-02-22T00:39:14.428Z"
  }
},
{
  "model": "battles.battleparticipant",
  "pk": "845d3e3b-be38-4f45-b64e-51e56a4bed24",
  "fields": {
    "battle": "c0846eea-aca6-4fbb-8b9c-13a6b06620d6",
    "user": [
      "abhi123@gmail.com"
    ],
    "score": 0,
    "problems_solved": 0,
    "is_connected": true,
    "joined_at": "2026-02-22T02:06:42.550Z",
    "updated_at": "2026-02-22T02:06:42.550Z"
  }
},
{
  "model": "battles.battleparticipant",
  "pk": "864fce10-4f41-41a8-b031-d0444cdf2e34",
  "fields": {
    "battle": "e7d9f728-e716-477a-b0a5-3da450e0d9df",
    "user": [
      "abhi123@gmail.com"
    ],
    "score": 10,
    "problems_solved": 1,
    "is_connected": true,
    "joined_at": "2026-02-22T01:20:34.710Z",
    "updated_at": "2026-02-22T01:20:34.710Z"
  }
},
{
  "model": "battles.battleparticipant",
  "pk": "91798926-fe7e-4841-b9b8-cc705cf5892d",
  "fields": {
    "battle": "2fbab2cc-0e22-42b5-b304-20ff32f0cacf",
    "user": [
      "satyaprakash9923@gmail.com"
    ],
    "score": 0,
    "problems_solved": 0,
    "is_connected": true,
    "joined_at": "2026-02-22T02:32:11.382Z",
    "updated_at": "2026-02-22T02:32:11.382Z"
  }
},
{
  "model": "battles.battleparticipant",
  "pk": "9bbe7d62-3730-4234-9d79-48f30ef8479a",
  "fields": {
    "battle": "e7144d92-96b9-485d-8956-70441794564c",
    "user": [
      "satyaprakash9923@gmail.com"
    ],
    "score": 0,
    "problems_solved": 0,
    "is_connected": false,
    "joined_at": "2026-02-22T00:39:14.427Z",
    "updated_at": "2026-02-22T00:39:14.428Z"
  }
},
{
  "model": "battles.battleparticipant",
  "pk": "a451f831-8f53-4cee-8eba-d9459cc45b0a",
  "fields": {
    "battle": "90c3a83f-6950-4eb0-bc6c-174067dbe154",
    "user": [
      "abhi123@gmail.com"
    ],
    "score": 0,
    "problems_solved": 0,
    "is_connected": true,
    "joined_at": "2026-02-22T07:03:05.751Z",
    "updated_at": "2026-02-22T07:03:05.751Z"
  }
},
{
  "model": "battles.battleparticipant",
  "pk": "b70aff36-48a7-451f-87fd-fed5a5dba6e1",
  "fields": {
    "battle": "55a119f9-cbcd-45a8-8eda-55885a916c7a",
    "user": [
      "abhi123@gmail.com"
    ],
    "score": 0,
    "problems_solved": 0,
    "is_connected": true,
    "joined_at": "2026-02-22T02:09:44.693Z",
    "updated_at": "2026-02-22T02:09:44.693Z"
  }
},
{
  "model": "battles.battleparticipant",
  "pk": "d8bace47-46f0-4c3c-a01c-4d5b24b526fc",
  "fields": {
    "battle": "ad906a93-7c02-421c-a6f8-bedcb8ec386b",
    "user": [
      "satyaprakash9923@gmail.com"
    ],
    "score": 0,
    "problems_solved": 0,
    "is_connected": true,
    "joined_at": "2026-02-22T07:12:17.838Z",
    "updated_at": "2026-02-22T07:12:17.838Z"
  }
},
{
  "model": "battles.battleparticipant",
  "pk": "db5df19f-a71b-4766-bbe2-6150985431cc",
  "fields": {
    "battle": "2fbab2cc-0e22-42b5-b304-20ff32f0cacf",
    "user": [
      "abhi123@gmail.com"
    ],
    "score": 0,
    "problems_solved": 0,
    "is_connected": true,
    "joined_at": "2026-02-22T02:32:11.382Z",
    "updated_at": "2026-02-22T02:32:11.382Z"
  }
},
{
  "model": "battles.battleparticipant",
  "pk": "deb59c78-6936-4258-85b6-f85326156aa9",
  "fields": {
    "battle": "3d032c6c-0e4f-4220-870b-8cb85a5c39a3",
    "user": [
      "satyaprakash9923@gmail.com"
    ],
    "score": 0,
    "problems_solved": 0,
    "is_connected": true,
    "joined_at": "2026-02-22T02:40:00.222Z",
    "updated_at": "2026-02-22T02:40:00.222Z"
  }
},
{
  "model": "battles.battleparticipant",
  "pk": "dfa09e72-f631-4906-83bb-3929bbac7fde",
  "fields": {
    "battle": "a205d82c-e78f-4873-8db1-fb9fd828085f",
    "user": [
      "abhi123@gmail.com"
    ],
    "score": 0,
    "problems_solved": 0,
    "is_connected": true,
    "joined_at": "2026-02-22T02:14:29.669Z",
    "updated_at": "2026-02-22T02:14:29.669Z"
  }
},
{
  "model": "battles.battlesubmission",
  "pk": "1f8775bb-87e3-423e-b0b7-b6c6d02aa9f1",
  "fields": {
    "battle": "e7d9f728-e716-477a-b0a5-3da450e0d9df",
    "user": [
      "satyaprakash9923@gmail.com"
    ],
    "problem": "37a98346-d9d4-4493-a069-508d6240508a",
    "code": "import sys\n\nS = sys.stdin.read().strip()\n\ncount = 0\nfor char in S:\n    if char in \"aeiouAEIOU\":\n        count += 1\n\nprint(count)\n",
    "language": "python",
    "status": "wrong_answer",
    "points_earned": 0,
    "error_output": "Test 1: expected '10', got '0'",
    "execution_time_ms": 48,
    "memory_used_kb": 0,
    "submitted_at": "2026-02-22T01:30:30.648Z"
  }
},
{
  "model": "battles.battlesubmission",
  "pk": "2c88072a-2f97-4faf-b44e-c1ac424d4775",
  "fields": {
    "battle": "e7d9f728-e716-477a-b0a5-3da450e0d9df",
    "user": [
      "satyaprakash9923@gmail.com"
    ],
    "problem": "2563502d-e4da-4844-a621-d29eb83f2aee",
    "code": "import sys\n\nS = sys.stdin.read().strip()\n\ncount = 0\nfor char in S:\n    if char in \"aeiouAEIOU\":\n        count += 1\n\nprint(count)\n",
    "language": "python",
    "status": "accepted",
    "points_earned": 10,
    "error_output": "",
    "execution_time_ms": 451,
    "memory_used_kb": 0,
    "submitted_at": "2026-02-22T01:30:16.042Z"
  }
},
{
  "model": "battles.battlesubmission",
  "pk": "8443d42e-1c65-4db1-abd4-ec87c30d5fd0",
  "fields": {
    "battle": "e7d9f728-e716-477a-b0a5-3da450e0d9df",
    "user": [
      "satyaprakash9923@gmail.com"
    ],
    "problem": "3f8d6054-4568-4305-8674-4c59bdab5f2b",
    "code": "def solution():\n    pass\n",
    "language": "python",
    "status": "wrong_answer",
    "points_earned": 0,
    "error_output": "Test 1: expected '8', got ''",
    "execution_time_ms": 2829,
    "memory_used_kb": 0,
    "submitted_at": "2026-02-22T01:44:10.847Z"
  }
},
{
  "model": "battles.battlesubmission",
  "pk": "853786f1-95f8-4bc9-826e-dc5fd43e2843",
  "fields": {
    "battle": "e7d9f728-e716-477a-b0a5-3da450e0d9df",
    "user": [
      "satyaprakash9923@gmail.com"
    ],
    "problem": "838705d1-db03-4bce-a68b-9e1f442985df",
    "code": "import sys\n\nS = sys.stdin.read().strip()\n\nprint(S[::-1])\n",
    "language": "python",
    "status": "accepted",
    "points_earned": 10,
    "error_output": "",
    "execution_time_ms": 249,
    "memory_used_kb": 0,
    "submitted_at": "2026-02-22T01:31:41.920Z"
  }
},
{
  "model": "battles.battlesubmission",
  "pk": "cf2f0fa2-9f05-49aa-8845-0888b9bfe7c1",
  "fields": {
    "battle": "e7d9f728-e716-477a-b0a5-3da450e0d9df",
    "user": [
      "satyaprakash9923@gmail.com"
    ],
    "problem": "718a34d3-bc1d-4d02-bcf1-8bacef195b1c",
    "code": "import sys\n\ndata = sys.stdin.read().strip()\n\nif data:\n    N = int(data)\n\n    if N == 0:\n        print(0)\n    elif N == 1:\n        print(1)\n    else:\n        a, b = 0, 1\n        for _ in range(2, N + 1):\n            a, b = b, a + b\n        print(b)\n",
    "language": "python",
    "status": "accepted",
    "points_earned": 10,
    "error_output": "",
    "execution_time_ms": 270,
    "memory_used_kb": 0,
    "submitted_at": "2026-02-22T01:28:24.171Z"
  }
},
{
  "model": "battles.battlesubmission",
  "pk": "df263ce7-7b98-45b2-bf6d-68e128d3766a",
  "fields": {
    "battle": "e7d9f728-e716-477a-b0a5-3da450e0d9df",
    "user": [
      "satyaprakash9923@gmail.com"
    ],
    "problem": "37a98346-d9d4-4493-a069-508d6240508a",
    "code": "import sys\n\nN = sys.stdin.read().strip()\n\ntotal = 0\nfor digit in N:\n    total += int(digit)\n\nprint(total)\n",
    "language": "python",
    "status": "accepted",
    "points_earned": 10,
    "error_output": "",
    "execution_time_ms": 322,
    "memory_used_kb": 0,
    "submitted_at": "2026-02-22T01:31:08.633Z"
  }
},
{
  "model": "battles.battlesubmission",
  "pk": "f472a361-32a1-4288-b604-ffd65d289777",
  "fields": {
    "battle": "e7d9f728-e716-477a-b0a5-3da450e0d9df",
    "user": [
      "abhi123@gmail.com"
    ],
    "problem": "718a34d3-bc1d-4d02-bcf1-8bacef195b1c",
    "code": "import sys\n\ndata = sys.stdin.read().strip()\n\nif data:\n    N = int(data)\n\n    if N == 0:\n        print(0)\n    elif N == 1:\n        print(1)\n    else:\n        a, b = 0, 1\n        for _ in range(2, N + 1):\n            a, b = b, a + b\n        print(b)\n",
    "language": "python",
    "status": "accepted",
    "points_earned": 10,
    "error_output": "",
    "execution_time_ms": 739,
    "memory_used_kb": 0,
    "submitted_at": "2026-02-22T01:28:03.887Z"
  }
},
{
  "model": "battles.battlesubmission",
  "pk": "f6b4bf56-ca0e-4051-9176-5e3bd59958e5",
  "fields": {
    "battle": "e7d9f728-e716-477a-b0a5-3da450e0d9df",
    "user": [
      "satyaprakash9923@gmail.com"
    ],
    "problem": "3f8d6054-4568-4305-8674-4c59bdab5f2b",
    "code": "import sys\n\ndata = sys.stdin.read().strip().split()\n\nif len(data) == 0:\n    print(0)   # or just do nothing\nelse:\n    a = int(data[0])\n    b = int(data[1])\n    print(a + b)\n",
    "language": "python",
    "status": "accepted",
    "points_earned": 10,
    "error_output": "",
    "execution_time_ms": 181,
    "memory_used_kb": 0,
    "submitted_at": "2026-02-22T01:33:10.337Z"
  }
}
]
